index,Database,Table,Fields
0,perpetrator,PERPETRATOR,"PERPETRATOR_ID,PEOPLE_ID,DATE,YEAR,LOCATION,COUNTRY,KILLED,INJURED"
8,perpetrator,PEOPLE,"PEOPLE_ID,NAME,HEIGHT,WEIGHT,HOME_TOWN"
13,college_2,CLASSROOM,"BUILDING,ROOM_NUMBER,CAPACITY"
16,college_2,DEPARTMENT,"DEPARTMENT_NAME,BUILDING,BUDGET"
19,college_2,COURSE,"COURSE_ID,TITLE,DEPARTMENT_NAME,CREDITS"
23,college_2,INSTRUCTOR,"ID,NAME,DEPARTMENT_NAME,SALARY"
27,college_2,SECTION,"COURSE_ID,SECTION_ID,SEMESTER,YEAR,BUILDING,ROOM_NUMBER,TIME_SLOT_ID"
34,college_2,TEACHES,"ID,COURSE_ID,SECTION_ID,SEMESTER,YEAR"
39,college_2,STUDENT,"ID,NAME,DEPARTMENT_NAME,TOTAL_CREDITS"
43,college_2,TAKES_CLASSES,"ID,COURSE_ID,SECTION_ID,SEMESTER,YEAR,GRADE"
49,college_2,ADVISOR,"STUDENT_ID,INSTRUCTOR_ID"
51,college_2,TIME_SLOT,"TIME_SLOT_ID,DAY,START_HOUR,START_MINUTE,END_HOUR,END_MINUTE"
57,college_2,PREREQUISITE,"COURSE_ID,PREREQUISITE_ID"
59,flight_company,AIRPORT,"ID,CITY,COUNTRY,IATA,ICAO,NAME"
65,flight_company,OPERATE_COMPANY,"ID,NAME,TYPE,PRINCIPAL_ACTIVITIES,INCORPORATED_IN,GROUP_EQUITY_SHAREHOLDING"
71,flight_company,FLIGHT,"ID,VEHICLE_FLIGHT_NUMBER,DATE,PILOT,VELOCITY,ALTITUDE,AIRPORT_ID,COMPANY_ID"
79,icfp_1,INSTITUTION,"INSTITUTION_ID,NAME,COUNTRY"
82,icfp_1,AUTHORS,"AUTHOR_ID,LAST_NAME,FIRST_NAME"
85,icfp_1,PAPERS,"PAPER_ID,TITLE"
87,icfp_1,AUTHORSHIP_COUNT,"AUTHOR_ID,INSTITUTION_ID,PAPER_ID,AUTHOR_COUNT"
91,body_builder,BODY_BUILDER,"BODY_BUILDER_ID,PEOPLE_ID,SNATCH,CLEAN_JERK,TOTAL"
96,body_builder,PEOPLE,"PEOPLE_ID,NAME,HEIGHT,WEIGHT,BIRTH_DATE,BIRTH_PLACE"
102,storm_record,STORM,"STORM_ID,NAME,DATES_ACTIVE,MAX_SPEED,DAMAGE_MILLIONS_USD,NUMBER_DEATHS"
108,storm_record,REGION,"REGION_ID,REGION_CODE,REGION_NAME"
111,storm_record,AFFECTED_REGION,"REGION_ID,STORM_ID,NUMBER_CITY_AFFECTED"
114,pilot_record,AIRCRAFT,"AIRCRAFT_ID,ORDER_YEAR,MANUFACTURER,MODEL,FLEET_SERIES,POWERTRAIN,FUEL_PROPULSION"
121,pilot_record,PILOT,"PILOT_ID,PILOT_NAME,RANK,AGE,NATIONALITY,POSITION,JOIN_YEAR,TEAM"
129,pilot_record,PILOT_RECORD,"RECORD_ID,PILOT_ID,AIRCRAFT_ID,DATE"
133,race_track,RACE,"RACE_ID,NAME,CLASS,DATE,TRACK_ID"
138,race_track,TRACK,"TRACK_ID,NAME,LOCATION,SEATING,YEAR_OPENED"
143,academic,AUTHOR,"AID,HOMEPAGE,NAME,OID"
147,academic,CONFERENCE,"CID,HOMEPAGE,NAME"
150,academic,DOMAIN,"DID,NAME"
152,academic,DOMAIN_AUTHOR,"AID,DID"
154,academic,DOMAIN_CONFERENCE,"CID,DID"
156,academic,JOURNAL,"HOMEPAGE,JID,NAME"
159,academic,DOMAIN_JOURNAL,"DID,JID"
161,academic,KEYWORD,"KEYWORD,KID"
163,academic,DOMAIN_KEYWORD,"DID,KID"
165,academic,PUBLICATION,"ABSTRACT,CID,CITATION_NUM,JID,PID,REFERENCE_NUM,TITLE,YEAR"
173,academic,DOMAIN_PUBLICATION,"DID,PID"
175,academic,ORGANIZATION,"CONTINENT,HOMEPAGE,NAME,OID"
179,academic,PUBLICATION_KEYWORD,"PID,KID"
181,academic,WRITES,"AID,PID"
183,academic,CITE,"CITED,CITING"
185,department_store,ADDRESSES,"ADDRESS_ID,ADDRESS_DETAILS"
187,department_store,STAFF,"STAFF_ID,STAFF_GENDER,STAFF_NAME"
190,department_store,SUPPLIERS,"SUPPLIER_ID,SUPPLIER_NAME,SUPPLIER_PHONE"
193,department_store,DEPARTMENT_STORE_CHAIN,"DEPARTMENT_STORE_CHAIN_ID,DEPARTMENT_STORE_CHAIN_NAME"
195,department_store,CUSTOMERS,"CUSTOMER_ID,PAYMENT_METHOD_CODE,CUSTOMER_CODE,CUSTOMER_NAME,CUSTOMER_ADDRESS,CUSTOMER_PHONE,CUSTOMER_EMAIL"
202,department_store,PRODUCTS,"PRODUCT_ID,PRODUCT_TYPE_CODE,PRODUCT_NAME,PRODUCT_PRICE"
206,department_store,SUPPLIER_ADDRESSES,"SUPPLIER_ID,ADDRESS_ID,DATE_FROM,DATE_TO"
210,department_store,CUSTOMER_ADDRESSES,"CUSTOMER_ID,ADDRESS_ID,DATE_FROM,DATE_TO"
214,department_store,CUSTOMER_ORDERS,"ORDER_ID,CUSTOMER_ID,ORDER_STATUS_CODE,ORDER_DATE"
218,department_store,DEPARTMENT_STORES,"DEPARTMENT_STORE_ID,DEPARTMENT_STORE_CHAIN_ID,STORE_NAME,STORE_ADDRESS,STORE_PHONE,STORE_EMAIL"
224,department_store,DEPARTMENTS,"DEPARTMENT_ID,DEPARTMENT_STORE_ID,DEPARTMENT_NAME"
227,department_store,ORDER_ITEMS,"ORDER_ITEM_ID,ORDER_ID,PRODUCT_ID"
230,department_store,PRODUCT_SUPPLIERS,"PRODUCT_ID,SUPPLIER_ID,DATE_SUPPLIED_FROM,DATE_SUPPLIED_TO,TOTAL_AMOUNT_PURCHASED,TOTAL_VALUE_PURCHASED"
236,department_store,STAFF_DEPARTMENT_ASSIGNMENTS,"STAFF_ID,DEPARTMENT_ID,DATE_ASSIGNED_FROM,JOB_TITLE_CODE,DATE_ASSIGNED_TO"
241,music_4,ARTIST,"ARTIST_ID,ARTIST,AGE,FAMOUS_TITLE,FAMOUS_RELEASE_DATE"
246,music_4,VOLUME,"VOLUME_ID,VOLUME_ISSUE,ISSUE_DATE,WEEKS_ON_TOP,SONG,ARTIST_ID"
252,music_4,MUSIC_FESTIVAL,"ID,MUSIC_FESTIVAL,DATE_OF_CEREMONY,CATEGORY,VOLUME,RESULT"
258,insurance_fnol,CUSTOMERS,"CUSTOMER_ID,CUSTOMER_NAME"
260,insurance_fnol,SERVICES,"SERVICE_ID,SERVICE_NAME"
262,insurance_fnol,AVAILABLE_POLICIES,"POLICY_ID,POLICY_TYPE_CODE,CUSTOMER_PHONE"
265,insurance_fnol,CUSTOMERS_POLICIES,"CUSTOMER_ID,POLICY_ID,DATE_OPENED,DATE_CLOSED"
269,insurance_fnol,FIRST_NOTIFICATION_OF_LOSS,"FNOL_ID,CUSTOMER_ID,POLICY_ID,SERVICE_ID"
273,insurance_fnol,CLAIMS,"CLAIM_ID,FNOL_ID,EFFECTIVE_DATE"
276,insurance_fnol,SETTLEMENTS,"SETTLEMENT_ID,CLAIM_ID,EFFECTIVE_DATE,SETTLEMENT_AMOUNT"
280,cinema,FILM,"FILM_ID,RANK_IN_SERIES,NUMBER_IN_SEASON,TITLE,DIRECTED_BY,ORIGINAL_AIR_DATE,PRODUCTION_CODE"
287,cinema,CINEMA,"CINEMA_ID,NAME,OPENNING_YEAR,CAPACITY,LOCATION"
292,cinema,SCHEDULE,"CINEMA_ID,FILM_ID,DATE,SHOW_TIMES_PER_DAY,PRICE"
297,decoration_competition,COLLEGE,"COLLEGE_ID,NAME,LEADER_NAME,COLLEGE_LOCATION"
301,decoration_competition,MEMBER,"MEMBER_ID,NAME,COUNTRY,COLLEGE_ID"
305,decoration_competition,ROUND,"ROUND_ID,MEMBER_ID,DECORATION_THEME,RANK_IN_ROUND"
309,phone_market,PHONE,"NAME,PHONE_ID,MEMORY_IN_G,CARRIER,PRICE"
314,phone_market,MARKET,"MARKET_ID,DISTRICT,NUM_OF_EMPLOYEES,NUM_OF_SHOPS,RANKING"
319,phone_market,PHONE_MARKET,"MARKET_ID,PHONE_ID,NUM_OF_STOCK"
322,store_product,PRODUCT,"PRODUCT_ID,PRODUCT,DIMENSIONS,DPI,PAGES_PER_MINUTE_COLOR,MAX_PAGE_SIZE,INTERFACE"
329,store_product,STORE,"STORE_ID,STORE_NAME,TYPE,AREA_SIZE,NUMBER_OF_PRODUCT_CATEGORY,RANKING"
335,store_product,DISTRICT,"DISTRICT_ID,DISTRICT_NAME,HEADQUARTERED_CITY,CITY_POPULATION,CITY_AREA"
340,store_product,STORE_PRODUCT,"STORE_ID,PRODUCT_ID"
342,store_product,STORE_DISTRICT,"STORE_ID,DISTRICT_ID"
344,assets_maintenance,THIRD_PARTY_COMPANIES,"COMPANY_ID,COMPANY_TYPE,COMPANY_NAME,COMPANY_ADDRESS,OTHER_COMPANY_DETAILS"
349,assets_maintenance,MAINTENANCE_CONTRACTS,"MAINTENANCE_CONTRACT_ID,MAINTENANCE_CONTRACT_COMPANY_ID,CONTRACT_START_DATE,CONTRACT_END_DATE,OTHER_CONTRACT_DETAILS"
354,assets_maintenance,PARTS,"PART_ID,PART_NAME,CHARGEABLE_YN,CHARGEABLE_AMOUNT,OTHER_PART_DETAILS"
359,assets_maintenance,SKILLS,"SKILL_ID,SKILL_CODE,SKILL_DESCRIPTION"
362,assets_maintenance,STAFF,"STAFF_ID,STAFF_NAME,GENDER,OTHER_STAFF_DETAILS"
366,assets_maintenance,ASSETS,"ASSET_ID,MAINTENANCE_CONTRACT_ID,SUPPLIER_COMPANY_ID,ASSET_DETAILS,ASSET_MAKE,ASSET_MODEL,ASSET_ACQUIRED_DATE,ASSET_DISPOSED_DATE,OTHER_ASSET_DETAILS"
375,assets_maintenance,ASSET_PARTS,"ASSET_ID,PART_ID"
377,assets_maintenance,MAINTENANCE_ENGINEERS,"ENGINEER_ID,COMPANY_ID,FIRST_NAME,LAST_NAME,OTHER_DETAILS"
382,assets_maintenance,ENGINEER_SKILLS,"ENGINEER_ID,SKILL_ID"
384,assets_maintenance,FAULT_LOG,"FAULT_LOG_ENTRY_ID,ASSET_ID,RECORDED_BY_STAFF_ID,FAULT_LOG_ENTRY_DATETIME,FAULT_DESCRIPTION,OTHER_FAULT_DETAILS"
390,assets_maintenance,ENGINEER_VISITS,"ENGINEER_VISIT_ID,CONTACT_STAFF_ID,ENGINEER_ID,FAULT_LOG_ENTRY_ID,FAULT_STATUS,VISIT_START_DATETIME,VISIT_END_DATETIME,OTHER_VISIT_DETAILS"
398,assets_maintenance,PART_FAULTS,"PART_FAULT_ID,PART_ID,FAULT_SHORT_NAME,FAULT_DESCRIPTION,OTHER_FAULT_DETAILS"
403,assets_maintenance,FAULT_LOG_PARTS,"FAULT_LOG_ENTRY_ID,PART_FAULT_ID,FAULT_STATUS"
406,assets_maintenance,SKILLS_REQUIRED_TO_FIX,"PART_FAULT_ID,SKILL_ID"
408,student_assessment,ADDRESSES,"ADDRESS_ID,LINE_1,LINE_2,CITY,ZIP_POSTCODE,STATE_PROVINCE_COUNTY,COUNTRY"
415,student_assessment,PEOPLE,"PERSON_ID,FIRST_NAME,MIDDLE_NAME,LAST_NAME,CELL_MOBILE_NUMBER,EMAIL_ADDRESS,LOGIN_NAME,PASSWORD"
423,student_assessment,STUDENTS,"STUDENT_ID,STUDENT_DETAILS"
425,student_assessment,COURSES,"COURSE_ID,COURSE_NAME,COURSE_DESCRIPTION,OTHER_DETAILS"
429,student_assessment,PEOPLE_ADDRESSES,"PERSON_ADDRESS_ID,PERSON_ID,ADDRESS_ID,DATE_FROM,DATE_TO"
434,student_assessment,STUDENT_COURSE_REGISTRATIONS,"STUDENT_ID,COURSE_ID,REGISTRATION_DATE"
437,student_assessment,STUDENT_COURSE_ATTENDANCE,"STUDENT_ID,COURSE_ID,DATE_OF_ATTENDANCE"
440,student_assessment,CANDIDATES,"CANDIDATE_ID,CANDIDATE_DETAILS"
442,student_assessment,CANDIDATE_ASSESSMENTS,"CANDIDATE_ID,QUALIFICATION,ASSESSMENT_DATE,ASESSMENT_OUTCOME_CODE"
446,dog_kennels,BREEDS,"BREED_CODE,BREED_NAME"
448,dog_kennels,CHARGES,"CHARGE_ID,CHARGE_TYPE,CHARGE_AMOUNT"
451,dog_kennels,SIZES,"SIZE_CODE,SIZE_DESCRIPTION"
453,dog_kennels,TREATMENT_TYPES,"TREATMENT_TYPE_CODE,TREATMENT_TYPE_DESCRIPTION"
455,dog_kennels,OWNERS,"OWNER_ID,FIRST_NAME,LAST_NAME,STREET,CITY,STATE,ZIP_CODE,EMAIL_ADDRESS,HOME_PHONE,CELL_NUMBER"
465,dog_kennels,DOGS,"DOG_ID,OWNER_ID,ABANDONED_YES_OR_NO,BREED_CODE,SIZE_CODE,NAME,AGE,DATE_OF_BIRTH,GENDER,WEIGHT,DATE_ARRIVED,DATE_ADOPTED,DATE_DEPARTED"
478,dog_kennels,PROFESSIONALS,"PROFESSIONAL_ID,ROLE_CODE,FIRST_NAME,STREET,CITY,STATE,ZIP_CODE,LAST_NAME,EMAIL_ADDRESS,HOME_PHONE,CELL_NUMBER"
489,dog_kennels,TREATMENTS,"TREATMENT_ID,DOG_ID,PROFESSIONAL_ID,TREATMENT_TYPE_CODE,DATE_OF_TREATMENT,COST_OF_TREATMENT"
495,music_1,GENRE,"GENRE_NAME,RATING,MOST_POPULAR_IN"
498,music_1,ARTIST,"ARTIST_NAME,COUNTRY,GENDER,PREFERRED_GENRE"
502,music_1,FILES,"SONG_ID,ARTIST_NAME,FILE_SIZE,DURATION,FORMATS"
507,music_1,SONG,"SONG_NAME,ARTIST_NAME,COUNTRY,SONG_ID,GENRE_IS,RATING,LANGUAGES,RELEASEDATE,RESOLUTION"
516,company_employee,PEOPLE,"PEOPLE_ID,AGE,NAME,NATIONALITY,GRADUATION_COLLEGE"
521,company_employee,COMPANY,"COMPANY_ID,NAME,HEADQUARTERS,INDUSTRY,SALES_IN_BILLION,PROFITS_IN_BILLION,ASSETS_IN_BILLION,MARKET_VALUE_IN_BILLION"
529,company_employee,EMPLOYMENT,"COMPANY_ID,PEOPLE_ID,YEAR_WORKING"
532,farm,CITY,"CITY_ID,OFFICIAL_NAME,STATUS,AREA_KM_2,POPULATION,CENSUS_RANKING"
538,farm,FARM,"FARM_ID,YEAR,TOTAL_HORSES,WORKING_HORSES,TOTAL_CATTLE,OXEN,BULLS,COWS,PIGS,SHEEP_AND_GOATS"
548,farm,FARM_COMPETITION,"COMPETITION_ID,YEAR,THEME,HOST_CITY_ID,HOSTS"
553,farm,COMPETITION_RECORD,"COMPETITION_ID,FARM_ID,RANK"
556,solvency_ii,ADDRESSES,"ADDRESS_ID,ADDRESS_DETAILS"
558,solvency_ii,LOCATIONS,"LOCATION_ID,OTHER_DETAILS"
560,solvency_ii,PRODUCTS,"PRODUCT_ID,PRODUCT_TYPE_CODE,PRODUCT_NAME,PRODUCT_PRICE"
564,solvency_ii,PARTIES,"PARTY_ID,PARTY_DETAILS"
566,solvency_ii,ASSETS,"ASSET_ID,OTHER_DETAILS"
568,solvency_ii,CHANNELS,"CHANNEL_ID,OTHER_DETAILS"
570,solvency_ii,FINANCES,"FINANCE_ID,OTHER_DETAILS"
572,solvency_ii,EVENTS,"EVENT_ID,ADDRESS_ID,CHANNEL_ID,EVENT_TYPE_CODE,FINANCE_ID,LOCATION_ID"
578,solvency_ii,PRODUCTS_IN_EVENTS,"PRODUCT_IN_EVENT_ID,EVENT_ID,PRODUCT_ID"
581,solvency_ii,PARTIES_IN_EVENTS,"PARTY_ID,EVENT_ID,ROLE_CODE"
584,solvency_ii,AGREEMENTS,"DOCUMENT_ID,EVENT_ID"
586,solvency_ii,ASSETS_IN_EVENTS,"ASSET_ID,EVENT_ID"
588,city_record,CITY,"CITY_ID,CITY,HANZI,HANYU_PINYIN,REGIONAL_POPULATION,GDP"
594,city_record,MATCH,"MATCH_ID,DATE,VENUE,SCORE,RESULT,COMPETITION"
600,city_record,TEMPERATURE,"CITY_ID,JAN,FEB,MAR,APR,JUN,JUL,AUG,SEP,OCT,NOV,DEC"
612,city_record,HOSTING_CITY,"YEAR,MATCH_ID,HOST_CITY"
615,swimming,SWIMMER,"ID,NAME,NATIONALITY,METER_100,METER_200,METER_300,METER_400,METER_500,METER_600,METER_700,TIME"
626,swimming,STADIUM,"ID,NAME,CAPACITY,CITY,COUNTRY,OPENING_YEAR"
632,swimming,EVENT,"ID,NAME,STADIUM_ID,YEAR"
636,swimming,RECORD,"ID,RESULT,SWIMMER_ID,EVENT_ID"
640,flight_2,AIRLINES,"AIRLINE_ID,AIRLINE_NAME,ABBREVIATION,COUNTRY"
644,flight_2,AIRPORTS,"CITY,AIRPORT_CODE,AIRPORT_NAME,COUNTRY,COUNTRY_ABBREV"
649,flight_2,FLIGHTS,"AIRLINE,FLIGHT_NUMBER,SOURCE_AIRPORT,DESTINATION_AIRPORT"
653,election,COUNTY,"COUNTY_ID,COUNTY_NAME,POPULATION,ZIP_CODE"
657,election,PARTY,"PARTY_ID,YEAR,PARTY,GOVERNOR,LIEUTENANT_GOVERNOR,COMPTROLLER,ATTORNEY_GENERAL,US_SENATE"
665,election,ELECTION,"ELECTION_ID,COUNTIES_REPRESENTED,DISTRICT,DELEGATE,PARTY,FIRST_ELECTED,COMMITTEE"
672,manufactory_1,MANUFACTURERS,"CODE,NAME,HEADQUARTER,FOUNDER,REVENUE"
677,manufactory_1,PRODUCTS,"CODE,NAME,PRICE,MANUFACTURER"
681,debate,PEOPLE,"PEOPLE_ID,DISTRICT,NAME,PARTY,AGE"
686,debate,DEBATE,"DEBATE_ID,DATE,VENUE,NUM_OF_AUDIENCE"
690,debate,DEBATE_PEOPLE,"DEBATE_ID,AFFIRMATIVE,NEGATIVE,IF_AFFIRMATIVE_WIN"
694,network_2,PERSON,"NAME,AGE,CITY,GENDER,JOB"
699,network_2,PERSON_FRIEND,"NAME,FRIEND,YEAR"
702,local_govt_in_alabama,SERVICES,"SERVICE_ID,SERVICE_TYPE_CODE"
704,local_govt_in_alabama,PARTICIPANTS,"PARTICIPANT_ID,PARTICIPANT_TYPE_CODE,PARTICIPANT_DETAILS"
707,local_govt_in_alabama,EVENTS,"EVENT_ID,SERVICE_ID,EVENT_DETAILS"
710,local_govt_in_alabama,PARTICIPANTS_IN_EVENTS,"EVENT_ID,PARTICIPANT_ID"
712,climbing,MOUNTAIN,"MOUNTAIN_ID,NAME,HEIGHT,PROMINENCE,RANGE,COUNTRY"
718,climbing,CLIMBER,"CLIMBER_ID,NAME,COUNTRY,TIME,POINTS,MOUNTAIN_ID"
724,e_learning,COURSE_AUTHORS_AND_TUTORS,"AUTHOR_ID,AUTHOR_TUTOR_ATB,LOGIN_NAME,PASSWORD,PERSONAL_NAME,MIDDLE_NAME,FAMILY_NAME,GENDER_MF,ADDRESS_LINE_1"
733,e_learning,STUDENTS,"STUDENT_ID,DATE_OF_REGISTRATION,DATE_OF_LATEST_LOGON,LOGIN_NAME,PASSWORD,PERSONAL_NAME,MIDDLE_NAME,FAMILY_NAME"
741,e_learning,SUBJECTS,"SUBJECT_ID,SUBJECT_NAME"
743,e_learning,COURSES,"COURSE_ID,AUTHOR_ID,SUBJECT_ID,COURSE_NAME,COURSE_DESCRIPTION"
748,e_learning,STUDENT_COURSE_ENROLMENT,"REGISTRATION_ID,STUDENT_ID,COURSE_ID,DATE_OF_ENROLMENT,DATE_OF_COMPLETION"
753,e_learning,STUDENT_TESTS_TAKEN,"REGISTRATION_ID,DATE_TEST_TAKEN,TEST_RESULT"
756,scientist_1,SCIENTISTS,"SSN,NAME"
758,scientist_1,PROJECTS,"CODE,NAME,HOURS"
761,scientist_1,ASSIGNED_TO,"SCIENTIST,PROJECT"
763,ship_1,CAPTAIN,"CAPTAIN_ID,NAME,SHIP_ID,AGE,CLASS,RANK"
769,ship_1,SHIP,"SHIP_ID,NAME,TYPE,BUILT_YEAR,CLASS,FLAG"
775,entertainment_awards,FESTIVAL_DETAIL,"FESTIVAL_ID,FESTIVAL_NAME,CHAIR_NAME,LOCATION,YEAR,NUM_OF_AUDIENCE"
781,entertainment_awards,ARTWORK,"ARTWORK_ID,TYPE,NAME"
784,entertainment_awards,NOMINATION,"ARTWORK_ID,FESTIVAL_ID,RESULT"
787,allergy_1,ALLERGY_TYPE,"ALLERGY_NAME,ALLERGY_TYPE"
789,allergy_1,HAS_ALLERGY,"STUID,ALLERGY"
791,allergy_1,STUDENT,"STUID,LAST_NAME,FIRST_NAME,AGE,SEX,MAJOR,ADVISOR,CITY_CODE"
799,imdb,ACTOR,"AID,GENDER,NAME,NATIONALITY,BIRTH_CITY,BIRTH_YEAR"
805,imdb,COPYRIGHT,"ID,MSID,CID"
808,imdb,CAST,"ID,MSID,AID,ROLE"
812,imdb,GENRE,"GID,GENRE"
814,imdb,CLASSIFICATION,"ID,MSID,GID"
817,imdb,COMPANY,"ID,NAME,COUNTRY_CODE"
820,imdb,DIRECTOR,"DID,GENDER,NAME,NATIONALITY,BIRTH_CITY,BIRTH_YEAR"
826,imdb,PRODUCER,"PID,GENDER,NAME,NATIONALITY,BIRTH_CITY,BIRTH_YEAR"
832,imdb,DIRECTED_BY,"ID,MSID,DID"
835,imdb,KEYWORD,"ID,KEYWORD"
837,imdb,MADE_BY,"ID,MSID,PID"
840,imdb,MOVIE,"MID,TITLE,RELEASE_YEAR,TITLE_AKA,BUDGET"
845,imdb,TAGS,"ID,MSID,KID"
848,imdb,TV_SERIES,"SID,TITLE,RELEASE_YEAR,NUM_OF_SEASONS,NUM_OF_EPISODES,TITLE_AKA,BUDGET"
855,imdb,WRITER,"WID,GENDER,NAME,NATIONALITY,NUM_OF_EPISODES,BIRTH_CITY,BIRTH_YEAR"
862,imdb,WRITTEN_BY,"ID,MSID,WID"
865,products_for_hire,DISCOUNT_COUPONS,"COUPON_ID,DATE_ISSUED,COUPON_AMOUNT"
868,products_for_hire,CUSTOMERS,"CUSTOMER_ID,COUPON_ID,GOOD_OR_BAD_CUSTOMER,FIRST_NAME,LAST_NAME,GENDER,DATE_BECAME_CUSTOMER,DATE_LAST_HIRE"
876,products_for_hire,BOOKINGS,"BOOKING_ID,CUSTOMER_ID,BOOKING_STATUS_CODE,RETURNED_DAMAGED_YES_OR_NO,BOOKING_START_DATE,BOOKING_END_DATE,COUNT_HIRED,AMOUNT_PAYABLE,AMOUNT_OF_DISCOUNT,AMOUNT_OUTSTANDING,AMOUNT_OF_REFUND"
887,products_for_hire,PRODUCTS_FOR_HIRE,"PRODUCT_ID,PRODUCT_TYPE_CODE,DAILY_HIRE_COST,PRODUCT_NAME,PRODUCT_DESCRIPTION"
892,products_for_hire,PAYMENTS,"PAYMENT_ID,BOOKING_ID,CUSTOMER_ID,PAYMENT_TYPE_CODE,AMOUNT_PAID_IN_FULL_YN,PAYMENT_DATE,AMOUNT_DUE,AMOUNT_PAID"
900,products_for_hire,PRODUCTS_BOOKED,"BOOKING_ID,PRODUCT_ID,RETURNED_YES_OR_NO,RETURNED_LATE_YES_OR_NO,BOOKED_COUNT,BOOKED_AMOUNT"
906,products_for_hire,VIEW_PRODUCT_AVAILABILITY,"PRODUCT_ID,BOOKING_ID,STATUS_DATE,AVAILABLE_YES_OR_NO"
910,candidate_poll,CANDIDATE,"CANDIDATE_ID,PEOPLE_ID,POLL_SOURCE,DATE,SUPPORT_RATE,CONSIDER_RATE,OPPOSE_RATE,UNSURE_RATE"
918,candidate_poll,PEOPLE,"PEOPLE_ID,SEX,NAME,DATE_OF_BIRTH,HEIGHT,WEIGHT"
924,chinook_1,ALBUM,"ALBUM_ID,TITLE,ARTIST_ID"
927,chinook_1,ARTIST,"ARTIST_ID,NAME"
929,chinook_1,CUSTOMER,"CUSTOMER_ID,FIRST_NAME,LAST_NAME,COMPANY,ADDRESS,CITY,STATE,COUNTRY,POSTAL_CODE,PHONE,FAX,EMAIL,SUPPORT_REPRESENTATIVE_ID"
942,chinook_1,EMPLOYEE,"EMPLOYEE_ID,LAST_NAME,FIRST_NAME,TITLE,REPORTS_TO,BIRTH_DATE,HIRE_DATE,ADDRESS,CITY,STATE,COUNTRY,POSTAL_CODE,PHONE,FAX,EMAIL"
957,chinook_1,GENRE,"GENRE_ID,NAME"
959,chinook_1,INVOICE,"INVOICE_ID,CUSTOMER_ID,INVOICE_DATE,BILLING_ADDRESS,BILLING_CITY,BILLING_STATE,BILLING_COUNTRY,BILLING_POSTAL_CODE,TOTAL"
968,chinook_1,INVOICE_LINE,"INVOICE_LINE_ID,INVOICE_ID,TRACK_ID,UNIT_PRICE,QUANTITY"
973,chinook_1,MEDIA_TYPE,"MEDIA_TYPE_ID,NAME"
975,chinook_1,PLAYLIST,"PLAY_LIST_ID,NAME"
977,chinook_1,PLAYLIST_TRACK,"PLAY_LIST_ID,TRACK_ID"
979,chinook_1,TRACK,"TRACK_ID,NAME,ALBUM_ID,MEDIA_TYPE_ID,GENRE_ID,COMPOSER,MILLISECONDS,BYTES,UNIT_PRICE"
988,flight_4,ROUTES,"ROUTE_ID,DESTINATION_AIRPORT_ID,DESTINATION_AIRPORT,SOURCE_AIRPORT_ID,SOURCE_AIRPORT,AIRLINE_ID,AIRLINE,CODE_SHARE"
996,flight_4,AIRPORTS,"AIRPORT_ID,NAME,CITY,COUNTRY,X,Y,ELEVATION,IATA,ICAO"
1005,flight_4,AIRLINES,"AIRLINE_ID,NAME,IATA,ICAO,CALL_SIGN,COUNTRY,ACTIVE"
1012,pets_1,STUDENT,"STUDENT_ID,LAST_NAME,FIRST_NAME,AGE,SEX,MAJOR,ADVISOR,CITY_CODE"
1020,pets_1,HAS_PET,"STUDENT_ID,PET_ID"
1022,pets_1,PETS,"PET_ID,PET_TYPE,PET_AGE,WEIGHT"
1026,dorm_1,STUDENT,"STUDENT_ID,LAST_NAME,FIRST_NAME,AGE,SEX,MAJOR,ADVISOR,CITY_CODE"
1034,dorm_1,DORM,"DORM_ID,DORM_NAME,STUDENT_CAPACITY,GENDER"
1038,dorm_1,DORM_AMENITY,"AMENITY_ID,AMENITY_NAME"
1040,dorm_1,HAS_AMENITY,"DORM_ID,AMENITY_ID"
1042,dorm_1,LIVES_IN,"STUDENT_ID,DORM_ID,ROOM_NUMBER"
1045,journal_committee,JOURNAL,"JOURNAL_ID,DATE,THEME,SALES"
1049,journal_committee,EDITOR,"EDITOR_ID,NAME,AGE"
1052,journal_committee,JOURNAL_COMMITTEE,"EDITOR_ID,JOURNAL_ID,WORK_TYPE"
1055,flight_1,FLIGHT,"FLIGHT_NUMBER,ORIGIN,DESTINATION,DISTANCE,DEPARTURE_DATE,ARRIVAL_DATE,PRICE,AIRLINE_ID"
1063,flight_1,AIRCRAFT,"AIRLINE_ID,NAME,DISTANCE"
1066,flight_1,EMPLOYEE,"EMPLOYEE_ID,NAME,SALARY"
1069,flight_1,CERTIFICATE,"EMPLOYEE_ID,AIRLINE_ID"
1071,medicine_enzyme_interaction,MEDICINE,"ID,NAME,TRADE_NAME,FDA_APPROVED"
1075,medicine_enzyme_interaction,ENZYME,"ID,NAME,LOCATION,PRODUCT,CHROMOSOME,OMIM,PORPHYRIA"
1082,medicine_enzyme_interaction,MEDICINE_ENZYME_INTERACTION,"ENZYME_ID,MEDICINE_ID,INTERACTION_TYPE"
1085,local_govt_and_lot,CUSTOMERS,"CUSTOMER_ID,CUSTOMER_DETAILS"
1087,local_govt_and_lot,PROPERTIES,"PROPERTY_ID,PROPERTY_TYPE_CODE,PROPERTY_ADDRESS,OTHER_DETAILS"
1091,local_govt_and_lot,RESIDENTS,"RESIDENT_ID,PROPERTY_ID,DATE_MOVED_IN,DATE_MOVED_OUT,OTHER_DETAILS"
1096,local_govt_and_lot,ORGANIZATIONS,"ORGANIZATION_ID,PARENT_ORGANIZATION_ID,ORGANIZATION_DETAILS"
1099,local_govt_and_lot,SERVICES,"SERVICE_ID,ORGANIZATION_ID,SERVICE_TYPE_CODE,SERVICE_DETAILS"
1103,local_govt_and_lot,RESIDENTS_SERVICES,"RESIDENT_ID,SERVICE_ID,DATE_MOVED_IN,PROPERTY_ID,DATE_REQUESTED,DATE_PROVIDED,OTHER_DETAILS"
1110,local_govt_and_lot,THINGS,"THING_ID,ORGANIZATION_ID,TYPE_OF_THING_CODE,SERVICE_TYPE_CODE,SERVICE_DETAILS"
1115,local_govt_and_lot,CUSTOMER_EVENTS,"CUSTOMER_EVENT_ID,CUSTOMER_ID,DATE_MOVED_IN,PROPERTY_ID,RESIDENT_ID,THING_ID"
1121,local_govt_and_lot,CUSTOMER_EVENT_NOTES,"CUSTOMER_EVENT_NOTE_ID,CUSTOMER_EVENT_ID,SERVICE_TYPE_CODE,RESIDENT_ID,PROPERTY_ID,DATE_MOVED_IN"
1127,local_govt_and_lot,TIMED_STATUS_OF_THINGS,"THING_ID,DATE_AND_DATE,STATUS_OF_THING_CODE"
1130,local_govt_and_lot,TIMED_LOCATIONS_OF_THINGS,"THING_ID,DATE_AND_TIME,LOCATION_CODE"
1133,station_weather,TRAIN,"ID,TRAIN_NUMBER,NAME,ORIGIN,DESTINATION,TIME,INTERVAL"
1140,station_weather,STATION,"ID,NETWORK_NAME,SERVICES,LOCAL_AUTHORITY"
1144,station_weather,ROUTE,"TRAIN_ID,STATION_ID"
1146,station_weather,WEEKLY_WEATHER,"STATION_ID,DAY_OF_WEEK,HIGH_TEMPERATURE,LOW_TEMPERATURE,PRECIPITATION,WIND_SPEED_MPH"
1152,shop_membership,MEMBER,"MEMBER_ID,CARD_NUMBER,NAME,HOMETOWN,LEVEL"
1157,shop_membership,BRANCH,"BRANCH_ID,NAME,OPEN_YEAR,ADDRESS_ROAD,CITY,MEMBERSHIP_AMOUNT"
1163,shop_membership,MEMBERSHIP_REGISTER_BRANCH,"MEMBER_ID,BRANCH_ID,REGISTER_YEAR"
1166,shop_membership,PURCHASE,"MEMBER_ID,BRANCH_ID,YEAR,TOTAL_POUNDS"
1170,driving_school,ADDRESSES,"ADDRESS_ID,LINE_1_NUMBER_BUILDING,CITY,ZIP_POSTCODE,STATE_PROVINCE_COUNTY,COUNTRY"
1176,driving_school,STAFF,"STAFF_ID,STAFF_ADDRESS_ID,NICKNAME,FIRST_NAME,MIDDLE_NAME,LAST_NAME,DATE_OF_BIRTH,DATE_JOINED_STAFF,DATE_LEFT_STAFF"
1185,driving_school,VEHICLES,"VEHICLE_ID,VEHICLE_DETAILS"
1187,driving_school,CUSTOMERS,"CUSTOMER_ID,CUSTOMER_ADDRESS_ID,CUSTOMER_STATUS_CODE,DATE_BECAME_CUSTOMER,DATE_OF_BIRTH,FIRST_NAME,LAST_NAME,AMOUNT_OUTSTANDING,EMAIL_ADDRESS,PHONE_NUMBER,CELL_MOBILE_PHONE_NUMBER"
1198,driving_school,CUSTOMER_PAYMENTS,"CUSTOMER_ID,DATETIME_PAYMENT,PAYMENT_METHOD_CODE,AMOUNT_PAYMENT"
1202,driving_school,LESSONS,"LESSON_ID,CUSTOMER_ID,LESSON_STATUS_CODE,STAFF_ID,VEHICLE_ID,LESSON_DATE,LESSON_TIME,PRICE"
1210,concert_singer,STADIUM,"STADIUM_ID,LOCATION,NAME,CAPACITY,HIGHEST,LOWEST,AVERAGE"
1217,concert_singer,SINGER,"SINGER_ID,NAME,COUNTRY,SONG_NAME,SONG_RELEASE_YEAR,AGE,IS_MALE"
1224,concert_singer,CONCERT,"CONCERT_ID,CONCERT_NAME,THEME,STADIUM_ID,YEAR"
1229,concert_singer,SINGER_IN_CONCERT,"CONCERT_ID,SINGER_ID"
1231,music_2,SONGS,"SONG_ID,TITLE"
1233,music_2,ALBUMS,"AID,TITLE,YEAR,LABEL,TYPE"
1238,music_2,BAND,"ID,FIRST_NAME,LAST_NAME"
1241,music_2,INSTRUMENTS,"SONG_ID,BANDMATE_ID,INSTRUMENT"
1244,music_2,PERFORMANCE,"SONG_ID,BANDMATE,STAGE_POSITION"
1247,music_2,TRACK_LISTS,"ALBUM_ID,POSITION,SONG_ID"
1250,music_2,VOCALS,"SONG_ID,BANDMATE,TYPE"
1253,sports_competition,CLUB,"CLUB_ID,NAME,REGION,START_YEAR"
1257,sports_competition,CLUB_RANK,"RANK,CLUB_ID,GOLD,SILVER,BRONZE,TOTAL"
1263,sports_competition,PLAYER,"PLAYER_ID,NAME,POSITION,CLUB_ID,APPS,TRIES,GOALS,POINTS"
1271,sports_competition,COMPETITION,"COMPETITION_ID,YEAR,COMPETITION_TYPE,COUNTRY"
1275,sports_competition,COMPETITION_RESULT,"COMPETITION_ID,CLUB_ID_1,CLUB_ID_2,SCORE"
1279,railway,RAILWAY,"RAILWAY_ID,RAILWAY,BUILDER,BUILT,WHEELS,LOCATION,OBJECTNUMBER"
1286,railway,TRAIN,"TRAIN_ID,TRAIN_NUM,NAME,FROM,ARRIVAL,RAILWAY_ID"
1292,railway,MANAGER,"MANAGER_ID,NAME,COUNTRY,WORKING_YEAR_STARTS,AGE,LEVEL"
1298,railway,RAILWAY_MANAGE,"RAILWAY_ID,MANAGER_ID,FROM_YEAR"
1301,inn_1,ROOMS,"ROOM_ID,ROOM_NAME,BEDS,BED_TYPE,MAX_OCCUPANCY,BASE_PRICE,DECOR"
1308,inn_1,RESERVATIONS,"CODE,ROOM,CHECK_IN,CHECK_OUT,RATE,LAST_NAME,FIRST_NAME,ADULTS,KIDS"
1317,museum_visit,MUSEUM,"MUSEUM_ID,NAME,NUM_OF_STAFF,OPEN_YEAR"
1321,museum_visit,CUSTOMER,"CUSTOMER_ID,NAME,LEVEL_OF_MEMBERSHIP,AGE"
1325,museum_visit,VISIT,"MUSEUM_ID,CUSTOMER_ID,NUM_OF_TICKET,TOTAL_SPENT"
1329,browser_web,WEB_CLIENT_ACCELERATOR,"ID,NAME,OPERATING_SYSTEM,CLIENT,CONNECTION"
1334,browser_web,BROWSER,"ID,NAME,MARKET_SHARE"
1337,browser_web,ACCELERATOR_COMPATIBLE_BROWSER,"ACCELERATOR_ID,BROWSER_ID,COMPATIBLE_SINCE_YEAR"
1340,baseball_1,ALL_STAR,"PLAYER_ID,YEAR,GAME_NUM,GAME_ID,TEAM_ID,LEAGUE_ID,GP,STARTING_POS"
1348,baseball_1,APPEARANCES,"YEAR,TEAM_ID,LEAGUE_ID,PLAYER_ID,G_ALL,GS,G_BATTING,G_DEFENSE,G_P,G_C,G_1B,G_2B,G_3B,G_SS,G_LF,G_CF,G_RF,G_OF,G_DH,G_PH,G_PR"
1369,baseball_1,MANAGER_AWARD,"PLAYER_ID,AWARD_ID,YEAR,LEAGUE_ID,TIE,NOTES"
1375,baseball_1,PLAYER_AWARD,"PLAYER_ID,AWARD_ID,YEAR,LEAGUE_ID,TIE,NOTES"
1381,baseball_1,MANAGER_AWARD_VOTE,"AWARD_ID,YEAR,LEAGUE_ID,PLAYER_ID,POINTS_WON,POINTS_MAX,VOTES_FIRST"
1388,baseball_1,PLAYER_AWARD_VOTE,"AWARD_ID,YEAR,LEAGUE_ID,PLAYER_ID,POINTS_WON,POINTS_MAX,VOTES_FIRST"
1395,baseball_1,BATTING,"PLAYER_ID,YEAR,STINT,TEAM_ID,LEAGUE_ID,G,AB,R,H,DOUBLE,TRIPLE,HR,RBI,SB,CS,BB,SO,IBB,HBP,SH,SF,G_IDP"
1417,baseball_1,BATTING_POSTSEASON,"YEAR,ROUND,PLAYER_ID,TEAM_ID,LEAGUE_ID,G,AB,R,H,DOUBLE,TRIPLE,HR,RBI,SB,CS,BB,SO,IBB,HBP,SH,SF,G_IDP"
1439,baseball_1,PLAYER_COLLEGE,"PLAYER_ID,COLLEGE_ID,YEAR"
1442,baseball_1,FIELDING,"PLAYER_ID,YEAR,STINT,TEAM_ID,LEAGUE_ID,POS,G,GS,INN_OUTS,PO,A,E,DP,PB,WP,SB,CS,ZR"
1460,baseball_1,FIELDING_OUTFIELD,"PLAYER_ID,YEAR,STINT,GLF,GCF,GRF"
1466,baseball_1,FIELDING_POSTSEASON,"PLAYER_ID,YEAR,TEAM_ID,LEAGUE_ID,ROUND,POS,G,GS,INN_OUTS,PO,A,E,DP,TP,PB,SB,CS"
1483,baseball_1,HALL_OF_FAME,"PLAYER_ID,YEARID,VOTEDBY,BALLOTS,NEEDED,VOTES,INDUCTED,CATEGORY,NEEDED_NOTE"
1492,baseball_1,HOME_GAME,"YEAR,LEAGUE_ID,TEAM_ID,PARK_ID,SPAN_FIRST,SPAN_LAST,GAMES,OPENINGS,ATTENDANCE"
1501,baseball_1,MANAGER,"PLAYER_ID,YEAR,TEAM_ID,LEAGUE_ID,INSEASON,G,W,L,RANK,PLYR_MGR"
1511,baseball_1,MANAGER_HALF,"PLAYER_ID,YEAR,TEAM_ID,LEAGUE_ID,INSEASON,HALF,G,W,L,RANK"
1521,baseball_1,PLAYER,"PLAYER_ID,BIRTH_YEAR,BIRTH_MONTH,BIRTH_DAY,BIRTH_COUNTRY,BIRTH_STATE,BIRTH_CITY,DEATH_YEAR,DEATH_MONTH,DEATH_DAY,DEATH_COUNTRY,DEATH_STATE,DEATH_CITY,NAME_FIRST,NAME_LAST,NAME_GIVEN,WEIGHT,HEIGHT,BATS,THROWS,DEBUT,FINAL_GAME,RETRO_ID,BBREF_ID"
1545,baseball_1,PARK,"PARK_ID,PARK_NAME,PARK_ALIAS,CITY,STATE,COUNTRY"
1551,baseball_1,PITCHING,"PLAYER_ID,YEAR,STINT,TEAM_ID,LEAGUE_ID,W,L,G,GS,CG,SHO,SV,IPOUTS,H,ER,HR,BB,SO,BAOPP,ERA,IBB,WP,HBP,BK,BFP,GF,R,SH,SF,G_IDP"
1581,baseball_1,PITCHING_POSTSEASON,"PLAYER_ID,YEAR,ROUND,TEAM_ID,LEAGUE_ID,W,L,G,GS,CG,SHO,SV,IPOUTS,H,ER,HR,BB,SO,BAOPP,ERA,IBB,WP,HBP,BK,BFP,GF,R,SH,SF,G_IDP"
1611,baseball_1,SALARY,"YEAR,TEAM_ID,LEAGUE_ID,PLAYER_ID,SALARY"
1616,baseball_1,COLLEGE,"COLLEGE_ID,NAME_FULL,CITY,STATE,COUNTRY"
1621,baseball_1,POSTSEASON,"YEAR,ROUND,TEAM_ID_WINNER,LEAGUE_ID_WINNER,TEAM_ID_LOSER,LEAGUE_ID_LOSER,WINS,LOSSES,TIES"
1630,baseball_1,TEAM,"YEAR,LEAGUE_ID,TEAM_ID,FRANCHISE_ID,DIV_ID,RANK,G,GHOME,W,L,DIV_WIN,WC_WIN,LG_WIN,WS_WIN,R,AB,H,DOUBLE,TRIPLE,HR,BB,SO,SB,CS,HBP,SF,RA,ER,ERA,CG,SHO,SV,IPOUTS,HA,HRA,BBA,SOA,E,DP,FP,NAME,PARK,ATTENDANCE,BPF,PPF,TEAM_ID_BR,TEAM_ID_LAHMAN45,TEAM_ID_RETRO"
1678,baseball_1,TEAM_FRANCHISE,"FRANCHISE_ID,FRANCHISE_NAME,ACTIVE,NA_ASSOC"
1682,baseball_1,TEAM_HALF,"YEAR,LEAGUE_ID,TEAM_ID,HALF,DIV_ID,DIV_WIN,RANK,G,W,L"
1692,architecture,ARCHITECT,"ID,NAME,NATIONALITY,GENDER"
1696,architecture,BRIDGE,"ARCHITECT_ID,ID,NAME,LOCATION,LENGTH_METERS,LENGTH_FEET"
1702,architecture,MILL,"ARCHITECT_ID,ID,LOCATION,NAME,TYPE,BUILT_YEAR,NOTES"
1709,csu_1,CAMPUSES,"ID,CAMPUS,LOCATION,COUNTY,YEAR"
1714,csu_1,CSU_FEES,"CAMPUS,YEAR,CAMPUS_FEE"
1717,csu_1,DEGREES,"YEAR,CAMPUS,DEGREES"
1720,csu_1,DISCIPLINE_ENROLLMENTS,"CAMPUS,DISCIPLINE,YEAR,UNDERGRADUATE,GRADUATE"
1725,csu_1,ENROLLMENTS,"CAMPUS,YEAR,TOTALENROLLMENT_AY,FTE_AY"
1729,csu_1,FACULTY,"CAMPUS,YEAR,FACULTY"
1732,tracking_orders,CUSTOMERS,"CUSTOMER_ID,CUSTOMER_NAME,CUSTOMER_DETAILS"
1735,tracking_orders,INVOICES,"INVOICE_NUMBER,INVOICE_DATE,INVOICE_DETAILS"
1738,tracking_orders,ORDERS,"ORDER_ID,CUSTOMER_ID,ORDER_STATUS,DATE_ORDER_PLACED,ORDER_DETAILS"
1743,tracking_orders,PRODUCTS,"PRODUCT_ID,PRODUCT_NAME,PRODUCT_DETAILS"
1746,tracking_orders,ORDER_ITEMS,"ORDER_ITEM_ID,PRODUCT_ID,ORDER_ID,ORDER_ITEM_STATUS,ORDER_ITEM_DETAILS"
1751,tracking_orders,SHIPMENTS,"SHIPMENT_ID,ORDER_ID,INVOICE_NUMBER,SHIPMENT_TRACKING_NUMBER,SHIPMENT_DATE,OTHER_SHIPMENT_DETAILS"
1757,tracking_orders,SHIPMENT_ITEMS,"SHIPMENT_ID,ORDER_ITEM_ID"
1759,insurance_policies,CUSTOMERS,"CUSTOMER_ID,CUSTOMER_DETAILS"
1761,insurance_policies,CUSTOMER_POLICIES,"POLICY_ID,CUSTOMER_ID,POLICY_TYPE_CODE,START_DATE,END_DATE"
1766,insurance_policies,CLAIMS,"CLAIM_ID,POLICY_ID,DATE_CLAIM_MADE,DATE_CLAIM_SETTLED,AMOUNT_CLAIMED,AMOUNT_SETTLED"
1772,insurance_policies,SETTLEMENTS,"SETTLEMENT_ID,CLAIM_ID,DATE_CLAIM_MADE,DATE_CLAIM_SETTLED,AMOUNT_CLAIMED,AMOUNT_SETTLED,CUSTOMER_POLICY_ID"
1779,insurance_policies,PAYMENTS,"PAYMENT_ID,SETTLEMENT_ID,PAYMENT_METHOD_CODE,DATE_PAYMENT_MADE,AMOUNT_PAYMENT"
1784,gas_company,COMPANY,"COMPANY_ID,RANK,COMPANY,HEADQUARTERS,MAIN_INDUSTRY,SALES_BILLION,PROFITS_BILLION,ASSETS_BILLION,MARKET_VALUE"
1793,gas_company,GAS_STATION,"STATION_ID,OPEN_YEAR,LOCATION,MANAGER_NAME,VICE_MANAGER_NAME,REPRESENTATIVE_NAME"
1799,gas_company,STATION_COMPANY,"STATION_ID,COMPANY_ID,RANK_OF_THE_YEAR"
1802,e_government,ADDRESSES,"ADDRESS_ID,LINE_1_NUMBER_BUILDING,TOWN_CITY,ZIP_POSTCODE,STATE_PROVINCE_COUNTY,COUNTRY"
1808,e_government,SERVICES,"SERVICE_ID,SERVICE_TYPE_CODE,SERVICE_NAME,SERVICE_DESCRIPTIO"
1812,e_government,FORMS,"FORM_ID,FORM_TYPE_CODE,SERVICE_ID,FORM_NUMBER,FORM_NAME,FORM_DESCRIPTION"
1818,e_government,INDIVIDUALS,"INDIVIDUAL_ID,INDIVIDUAL_FIRST_NAME,INDIVIDUAL_MIDDLE_NAME,INIDIVIDUAL_PHONE,INDIVIDUAL_EMAIL,INDIVIDUAL_ADDRESS,INDIVIDUAL_LAST_NAME"
1825,e_government,ORGANIZATIONS,"ORGANIZATION_ID,DATE_FORMED,ORGANIZATION_NAME,UK_VAT_NUMBER"
1829,e_government,PARTIES,"PARTY_ID,PAYMENT_METHOD_CODE,PARTY_PHONE,PARTY_EMAIL"
1833,e_government,ORGANIZATION_CONTACT_INDIVIDUALS,"INDIVIDUAL_ID,ORGANIZATION_ID,DATE_CONTACT_FROM,DATE_CONTACT_TO"
1837,e_government,PARTY_ADDRESSES,"PARTY_ID,ADDRESS_ID,DATE_ADDRESS_FROM,ADDRESS_TYPE_CODE,DATE_ADDRESS_TO"
1842,e_government,PARTY_FORMS,"PARTY_ID,FORM_ID,DATE_COMPLETION_STARTED,FORM_STATUS_CODE,DATE_FULLY_COMPLETED"
1847,e_government,PARTY_SERVICES,"BOOKING_ID,CUSTOMER_ID,SERVICE_ID,SERVICE_DATETIME,BOOKING_MADE_DATE"
1852,school_bus,DRIVER,"DRIVER_ID,NAME,PARTY,HOME_CITY,AGE"
1857,school_bus,SCHOOL,"SCHOOL_ID,GRADE,SCHOOL,LOCATION,TYPE"
1862,school_bus,SCHOOL_BUS,"SCHOOL_ID,DRIVER_ID,YEARS_WORKING,IF_FULL_TIME"
1866,machine_repair,REPAIR,"REPAIR_ID,NAME,LAUNCH_DATE,NOTES"
1870,machine_repair,MACHINE,"MACHINE_ID,MAKING_YEAR,CLASS,TEAM,MACHINE_SERIES,VALUE_POINTS,QUALITY_RANK"
1877,machine_repair,TECHNICIAN,"TECHNICIAN_ID,NAME,TEAM,STARTING_YEAR,AGE"
1882,machine_repair,REPAIR_ASSIGNMENT,"TECHNICIAN_ID,REPAIR_ID,MACHINE_ID"
1885,theme_gallery,ARTIST,"ARTIST_ID,NAME,COUNTRY,YEAR_JOIN,AGE"
1890,theme_gallery,EXHIBITION,"EXHIBITION_ID,YEAR,THEME,ARTIST_ID,TICKET_PRICE"
1895,theme_gallery,EXHIBITION_RECORD,"EXHIBITION_ID,DATE,ATTENDANCE"
1898,film_rank,FILM,"FILM_ID,TITLE,STUDIO,DIRECTOR,GROSS_IN_DOLLAR"
1903,film_rank,MARKET,"MARKET_ID,COUNTRY,NUMBER_CITIES"
1906,film_rank,FILM_MARKET_ESTIMATION,"ESTIMATION_ID,LOW_ESTIMATE,HIGH_ESTIMATE,FILM_ID,TYPE,MARKET_ID,YEAR"
1913,party_people,REGION,"REGION_ID,REGION_NAME,DATE,LABEL,FORMAT,CATALOGUE"
1919,party_people,PARTY,"PARTY_ID,MINISTER,TOOK_OFFICE,LEFT_OFFICE,REGION_ID,PARTY_NAME"
1925,party_people,MEMBER,"MEMBER_ID,MEMBER_NAME,PARTY_ID,IN_OFFICE"
1929,party_people,PARTY_EVENTS,"EVENT_ID,EVENT_NAME,PARTY_ID,MEMBER_IN_CHARGE_ID"
1933,hospital_1,PHYSICIAN,"EMPLOYEE_ID,NAME,POSITION,SSN"
1937,hospital_1,DEPARTMENT,"DEPARTMENTID,NAME,HEAD"
1940,hospital_1,AFFILIATED_WITH,"PHYSICIAN,DEPARTMENT,PRIMARY_AFFILIATION"
1943,hospital_1,PROCEDURES,"CODE,NAME,COST"
1946,hospital_1,TRAINED_IN,"PHYSICIAN,TREATMENT,CERTIFICATION_DATE,CERTIFICATION_EXPIRES"
1950,hospital_1,PATIENT,"SSN,NAME,ADDRESS,PHONE,INSURANCE_ID,PCP"
1956,hospital_1,NURSE,"EMPLOYEE_ID,NAME,POSITION,REGISTERED,SSN"
1961,hospital_1,APPOINTMENT,"APPOINTMENT_ID,PATIENT,PREP_NURSE,PHYSICIAN,START,END,EXAMINATION_ROOM"
1968,hospital_1,MEDICATION,"CODE,NAME,BRAND,DESCRIPTION"
1972,hospital_1,PRESCRIBES,"PHYSICIAN,PATIENT,MEDICATION,DATE,APPOINTMENT,DOSE"
1978,hospital_1,BLOCK,"BLOCK_FLOOR,BLOCK_CODE"
1980,hospital_1,ROOM,"ROOMNUMBER,ROOM_TYPE,BLOCK_FLOOR,BLOCK_CODE,UNAVAILABLE"
1985,hospital_1,ON_CALL,"NURSE,BLOCK_FLOOR,BLOCK_CODE,ONCALL_START,ONCALL_END"
1990,hospital_1,STAY,"STAY_ID,PATIENT,ROOM,STAY_START,STAY_END"
1995,hospital_1,UNDERGOES,"PATIENT,PROCEDURES,STAY,DATE_UNDERGOES,PHYSICIAN,ASSISTING_NURSE"
2001,customers_campaigns_ecommerce,PREMISES,"PREMISE_ID,PREMISES_TYPE,PREMISE_DETAILS"
2004,customers_campaigns_ecommerce,PRODUCTS,"PRODUCT_ID,PRODUCT_CATEGORY,PRODUCT_NAME"
2007,customers_campaigns_ecommerce,CUSTOMERS,"CUSTOMER_ID,PAYMENT_METHOD,CUSTOMER_NAME,CUSTOMER_PHONE,CUSTOMER_EMAIL,CUSTOMER_ADDRESS,CUSTOMER_LOGIN,CUSTOMER_PASSWORD"
2015,customers_campaigns_ecommerce,MAILSHOT_CAMPAIGNS,"MAILSHOT_ID,PRODUCT_CATEGORY,MAILSHOT_NAME,MAILSHOT_START_DATE,MAILSHOT_END_DATE"
2020,customers_campaigns_ecommerce,CUSTOMER_ADDRESSES,"CUSTOMER_ID,PREMISE_ID,DATE_ADDRESS_FROM,ADDRESS_TYPE_CODE,DATE_ADDRESS_TO"
2025,customers_campaigns_ecommerce,CUSTOMER_ORDERS,"ORDER_ID,CUSTOMER_ID,ORDER_STATUS_CODE,SHIPPING_METHOD_CODE,ORDER_PLACED_DATETIME,ORDER_DELIVERED_DATETIME,ORDER_SHIPPING_CHARGES"
2032,customers_campaigns_ecommerce,MAILSHOT_CUSTOMERS,"MAILSHOT_ID,CUSTOMER_ID,OUTCOME_CODE,MAILSHOT_CUSTOMER_DATE"
2036,customers_campaigns_ecommerce,ORDER_ITEMS,"ITEM_ID,ORDER_ITEM_STATUS_CODE,ORDER_ID,PRODUCT_ID,ITEM_STATUS_CODE,ITEM_DELIVERED_DATETIME,ITEM_ORDER_QUANTITY"
2043,gymnast,GYMNAST,"GYMNAST_ID,FLOOR_EXERCISE_POINTS,POMMEL_HORSE_POINTS,RINGS_POINTS,VAULT_POINTS,PARALLEL_BARS_POINTS,HORIZONTAL_BAR_POINTS,TOTAL_POINTS"
2051,gymnast,PEOPLE,"PEOPLE_ID,NAME,AGE,HEIGHT,HOMETOWN"
2056,restaurants,GEOGRAPHIC,"CITY_NAME,COUNTY,REGION"
2059,restaurants,RESTAURANT,"ID,NAME,FOOD_TYPE,CITY_NAME,RATING"
2064,restaurants,LOCATION,"RESTAURANT_ID,HOUSE_NUMBER,STREET_NAME,CITY_NAME"
2068,mountain_photos,MOUNTAIN,"ID,NAME,HEIGHT,PROMINENCE,RANGE,COUNTRY"
2074,mountain_photos,CAMERA_LENS,"ID,BRAND,NAME,FOCAL_LENGTH_MM,MAX_APERTURE"
2079,mountain_photos,PHOTOS,"ID,CAMERA_LENS_ID,MOUNTAIN_ID,COLOR,NAME"
2084,battle_death,BATTLE,"ID,NAME,DATE,BULGARIAN_COMMANDER,LATIN_COMMANDER,RESULT"
2090,battle_death,SHIP,"LOST_IN_BATTLE,ID,NAME,TONNAGE,SHIP_TYPE,LOCATION,DISPOSITION_OF_SHIP"
2097,battle_death,DEATH,"CAUSED_BY_SHIP_ID,ID,NOTE,KILLED,INJURED"
2102,cre_Doc_Control_Systems,REFERENCE_DOCUMENT_TYPES,"DOCUMENT_TYPE_CODE,DOCUMENT_TYPE_DESCRIPTION"
2104,cre_Doc_Control_Systems,ROLES,"ROLE_CODE,ROLE_DESCRIPTION"
2106,cre_Doc_Control_Systems,ADDRESSES,"ADDRESS_ID,ADDRESS_DETAILS"
2108,cre_Doc_Control_Systems,REFERENCE_DOCUMENT_STATUS,"DOCUMENT_STATUS_CODE,DOCUMENT_STATUS_DESCRIPTION"
2110,cre_Doc_Control_Systems,REFERENCE_SHIPPING_AGENTS,"SHIPPING_AGENT_CODE,SHIPPING_AGENT_NAME,SHIPPING_AGENT_DESCRIPTION"
2113,cre_Doc_Control_Systems,DOCUMENTS,"DOCUMENT_ID,DOCUMENT_STATUS_CODE,DOCUMENT_TYPE_CODE,SHIPPING_AGENT_CODE,RECEIPT_DATE,RECEIPT_NUMBER,OTHER_DETAILS"
2120,cre_Doc_Control_Systems,EMPLOYEES,"EMPLOYEE_ID,ROLE_CODE,EMPLOYEE_NAME,OTHER_DETAILS"
2124,cre_Doc_Control_Systems,DOCUMENT_DRAFTS,"DOCUMENT_ID,DRAFT_NUMBER,DRAFT_DETAILS"
2127,cre_Doc_Control_Systems,DRAFT_COPIES,"DOCUMENT_ID,DRAFT_NUMBER,COPY_NUMBER"
2130,cre_Doc_Control_Systems,CIRCULATION_HISTORY,"DOCUMENT_ID,DRAFT_NUMBER,COPY_NUMBER,EMPLOYEE_ID"
2134,cre_Doc_Control_Systems,DOCUMENTS_MAILED,"DOCUMENT_ID,MAILED_TO_ADDRESS_ID,MAILING_DATE"
2137,tracking_share_transactions,INVESTORS,"INVESTOR_ID,INVESTOR_DETAILS"
2139,tracking_share_transactions,LOTS,"LOT_ID,INVESTOR_ID,LOT_DETAILS"
2142,tracking_share_transactions,REFERENCE_TRANSACTION_TYPES,"TRANSACTION_TYPE_CODE,TRANSACTION_TYPE_DESCRIPTION"
2144,tracking_share_transactions,TRANSACTIONS,"TRANSACTION_ID,INVESTOR_ID,TRANSACTION_TYPE_CODE,DATE_OF_TRANSACTION,AMOUNT_OF_TRANSACTION,SHARE_COUNT,OTHER_DETAILS"
2151,tracking_share_transactions,SALES,"SALES_TRANSACTION_ID,SALES_DETAILS"
2153,tracking_share_transactions,PURCHASES,"PURCHASE_TRANSACTION_ID,PURCHASE_DETAILS"
2155,tracking_share_transactions,TRANSACTIONS_LOTS,"TRANSACTION_ID,LOT_ID"
2157,apartment_rentals,APARTMENT_BUILDINGS,"BUILDING_ID,BUILDING_SHORT_NAME,BUILDING_FULL_NAME,BUILDING_DESCRIPTION,BUILDING_ADDRESS,BUILDING_MANAGER,BUILDING_PHONE"
2164,apartment_rentals,APARTMENTS,"APARTMENT_ID,BUILDING_ID,APARTMENT_TYPE_CODE,APARTMENT_NUMBER,BATHROOM_COUNT,BEDROOM_COUNT,ROOM_COUNT"
2171,apartment_rentals,APARTMENT_FACILITIES,"APARTMENT_ID,FACILITY_CODE"
2173,apartment_rentals,GUESTS,"GUEST_ID,GENDER_CODE,GUEST_FIRST_NAME,GUEST_LAST_NAME,DATE_OF_BIRTH"
2178,apartment_rentals,APARTMENT_BOOKINGS,"APARTMENT_BOOKING_ID,APARTMENT_ID,GUEST_ID,BOOKING_STATUS_CODE,BOOKING_START_DATE,BOOKING_END_DATE"
2184,apartment_rentals,VIEW_UNIT_STATUS,"APARTMENT_ID,APARTMENT_BOOKING_ID,STATUS_DATE,AVAILABLE_YES_OR_NO"
2188,student_transcripts_tracking,ADDRESSES,"ADDRESS_ID,LINE_1,LINE_2,LINE_3,CITY,ZIP_POSTCODE,STATE_PROVINCE_COUNTY,COUNTRY,OTHER_ADDRESS_DETAILS"
2197,student_transcripts_tracking,COURSES,"COURSE_ID,COURSE_NAME,COURSE_DESCRIPTION,OTHER_DETAILS"
2201,student_transcripts_tracking,DEPARTMENTS,"DEPARTMENT_ID,DEPARTMENT_NAME,DEPARTMENT_DESCRIPTION,OTHER_DETAILS"
2205,student_transcripts_tracking,DEGREE_PROGRAMS,"DEGREE_PROGRAM_ID,DEPARTMENT_ID,DEGREE_SUMMARY_NAME,DEGREE_SUMMARY_DESCRIPTION,OTHER_DETAILS"
2210,student_transcripts_tracking,SECTIONS,"SECTION_ID,COURSE_ID,SECTION_NAME,SECTION_DESCRIPTION,OTHER_DETAILS"
2215,student_transcripts_tracking,SEMESTERS,"SEMESTER_ID,SEMESTER_NAME,SEMESTER_DESCRIPTION,OTHER_DETAILS"
2219,student_transcripts_tracking,STUDENTS,"STUDENT_ID,CURRENT_ADDRESS_ID,PERMANENT_ADDRESS_ID,FIRST_NAME,MIDDLE_NAME,LAST_NAME,CELL_MOBILE_NUMBER,EMAIL_ADDRESS,SSN,DATE_FIRST_REGISTERED,DATE_LEFT,OTHER_STUDENT_DETAILS"
2231,student_transcripts_tracking,STUDENT_ENROLMENT,"STUDENT_ENROLMENT_ID,DEGREE_PROGRAM_ID,SEMESTER_ID,STUDENT_ID,OTHER_DETAILS"
2236,student_transcripts_tracking,STUDENT_ENROLMENT_COURSES,"STUDENT_COURSE_ID,COURSE_ID,STUDENT_ENROLMENT_ID"
2239,student_transcripts_tracking,TRANSCRIPTS,"TRANSCRIPT_ID,TRANSCRIPT_DATE,OTHER_DETAILS"
2242,student_transcripts_tracking,TRANSCRIPT_CONTENTS,"STUDENT_COURSE_ID,TRANSCRIPT_ID"
2244,cre_Docs_and_Epenses,REFERENCE_DOCUMENT_TYPES,"DOCUMENT_TYPE_CODE,DOCUMENT_TYPE_NAME,DOCUMENT_TYPE_DESCRIPTION"
2247,cre_Docs_and_Epenses,REFERENCE_BUDGET_CODES,"BUDGET_TYPE_CODE,BUDGET_TYPE_DESCRIPTION"
2249,cre_Docs_and_Epenses,PROJECTS,"PROJECT_ID,PROJECT_DETAILS"
2251,cre_Docs_and_Epenses,DOCUMENTS,"DOCUMENT_ID,DOCUMENT_TYPE_CODE,PROJECT_ID,DOCUMENT_DATE,DOCUMENT_NAME,DOCUMENT_DESCRIPTION,OTHER_DETAILS"
2258,cre_Docs_and_Epenses,STATEMENTS,"STATEMENT_ID,STATEMENT_DETAILS"
2260,cre_Docs_and_Epenses,DOCUMENTS_WITH_EXPENSES,"DOCUMENT_ID,BUDGET_TYPE_CODE,DOCUMENT_DETAILS"
2263,cre_Docs_and_Epenses,ACCOUNTS,"ACCOUNT_ID,STATEMENT_ID,ACCOUNT_DETAILS"
2266,ship_mission,MISSION,"MISSION_ID,SHIP_ID,CODE,LAUNCHED_YEAR,LOCATION,SPEED_KNOTS,FATE"
2273,ship_mission,SHIP,"SHIP_ID,NAME,TYPE,NATIONALITY,TONNAGE"
2278,company_office,BUILDINGS,"ID,NAME,CITY,HEIGHT,STORIES,STATUS"
2284,company_office,COMPANIES,"ID,NAME,HEADQUARTERS,INDUSTRY,SALES_BILLION,PROFITS_BILLION,ASSETS_BILLION,MARKET_VALUE_BILLION"
2292,company_office,OFFICE_LOCATIONS,"BUILDING_ID,COMPANY_ID,MOVE_IN_YEAR"
2295,tracking_software_problems,PROBLEM_CATEGORY_CODES,"PROBLEM_CATEGORY_CODE,PROBLEM_CATEGORY_DESCRIPTION"
2297,tracking_software_problems,PROBLEM_LOG,"PROBLEM_LOG_ID,ASSIGNED_TO_STAFF_ID,PROBLEM_ID,PROBLEM_CATEGORY_CODE,PROBLEM_STATUS_CODE,LOG_ENTRY_DATE,LOG_ENTRY_DESCRIPTION,LOG_ENTRY_FIX,OTHER_LOG_DETAILS"
2306,tracking_software_problems,PROBLEM_STATUS_CODES,"PROBLEM_STATUS_CODE,PROBLEM_STATUS_DESCRIPTION"
2308,tracking_software_problems,PRODUCT,"PRODUCT_ID,PRODUCT_NAME,PRODUCT_DETAILS"
2311,tracking_software_problems,STAFF,"STAFF_ID,STAFF_FIRST_NAME,STAFF_LAST_NAME,OTHER_STAFF_DETAILS"
2315,tracking_software_problems,PROBLEMS,"PROBLEM_ID,PRODUCT_ID,CLOSURE_AUTHORISED_BY_STAFF_ID,REPORTED_BY_STAFF_ID,DATE_PROBLEM_REPORTED,DATE_PROBLEM_CLOSED,PROBLEM_DESCRIPTION,OTHER_PROBLEM_DETAILS"
2323,products_gen_characteristics,REFERENCE_CHARACTERISTIC_TYPES,"CHARACTERISTIC_TYPE_CODE,CHARACTERISTIC_TYPE_DESCRIPTION"
2325,products_gen_characteristics,REFERENCE_COLORS,"COLOR_CODE,COLOR_DESCRIPTION"
2327,products_gen_characteristics,REFERENCE_PRODUCT_CATEGORIES,"PRODUCT_CATEGORY_CODE,PRODUCT_CATEGORY_DESCRIPTION,UNIT_OF_MEASURE"
2330,products_gen_characteristics,CHARACTERISTICS,"CHARACTERISTIC_ID,CHARACTERISTIC_TYPE_CODE,CHARACTERISTIC_DATA_TYPE,CHARACTERISTIC_NAME,OTHER_CHARACTERISTIC_DETAILS"
2335,products_gen_characteristics,PRODUCTS,"PRODUCT_ID,COLOR_CODE,PRODUCT_CATEGORY_CODE,PRODUCT_NAME,TYPICAL_BUYING_PRICE,TYPICAL_SELLING_PRICE,PRODUCT_DESCRIPTION,OTHER_PRODUCT_DETAILS"
2343,products_gen_characteristics,PRODUCT_CHARACTERISTICS,"PRODUCT_ID,CHARACTERISTIC_ID,PRODUCT_CHARACTERISTIC_VALUE"
2346,coffee_shop,SHOP,"SHOP_ID,ADDRESS,NUM_OF_STAFF,SCORE,OPEN_YEAR"
2351,coffee_shop,MEMBER,"MEMBER_ID,NAME,MEMBERSHIP_CARD,AGE,TIME_OF_PURCHASE,LEVEL_OF_MEMBERSHIP,ADDRESS"
2358,coffee_shop,HAPPY_HOUR,"HH_ID,SHOP_ID,MONTH,NUM_OF_SHAFF_IN_CHARGE"
2362,coffee_shop,HAPPY_HOUR_MEMBER,"HH_ID,MEMBER_ID,TOTAL_AMOUNT"
2365,riding_club,PLAYER,"PLAYER_ID,SPONSOR_NAME,PLAYER_NAME,GENDER,RESIDENCE,OCCUPATION,VOTES,RANK"
2373,riding_club,CLUB,"CLUB_ID,CLUB_NAME,REGION,START_YEAR"
2377,riding_club,COACH,"COACH_ID,PLAYER_NAME,GENDER,CLUB_ID,RANK"
2382,riding_club,PLAYER_COACH,"PLAYER_ID,COACH_ID,STARTING_YEAR"
2385,riding_club,MATCH_RESULT,"RANK,CLUB_ID,GOLD,BIG_SILVER,SMALL_SILVER,BRONZE,POINTS"
2392,customers_card_transactions,ACCOUNTS,"ACCOUNT_ID,CUSTOMER_ID,ACCOUNT_NAME,OTHER_ACCOUNT_DETAILS"
2396,customers_card_transactions,CUSTOMERS,"CUSTOMER_ID,CUSTOMER_FIRST_NAME,CUSTOMER_LAST_NAME,CUSTOMER_ADDRESS,CUSTOMER_PHONE,CUSTOMER_EMAIL,OTHER_CUSTOMER_DETAILS"
2403,customers_card_transactions,CUSTOMERS_CARDS,"CARD_ID,CUSTOMER_ID,CARD_TYPE_CODE,CARD_NUMBER,DATE_VALID_FROM,DATE_VALID_TO,OTHER_CARD_DETAILS"
2410,customers_card_transactions,FINANCIAL_TRANSACTIONS,"TRANSACTION_ID,PREVIOUS_TRANSACTION_ID,ACCOUNT_ID,CARD_ID,TRANSACTION_TYPE,TRANSACTION_DATE,TRANSACTION_AMOUNT,TRANSACTION_COMMENT,OTHER_TRANSACTION_DETAILS"
2419,county_public_safety,COUNTY_PUBLIC_SAFETY,"COUNTY_ID,NAME,POPULATION,POLICE_OFFICERS,RESIDENTS_PER_OFFICER,CASE_BURDEN,CRIME_RATE,POLICE_FORCE,LOCATION"
2428,county_public_safety,CITY,"CITY_ID,COUNTY_ID,NAME,WHITE,BLACK,AMERINDIAN,ASIAN,MULTIRACIAL,HISPANIC"
2437,performance_attendance,MEMBER,"MEMBER_ID,NAME,NATIONALITY,ROLE"
2441,performance_attendance,PERFORMANCE,"PERFORMANCE_ID,DATE,HOST,LOCATION,ATTENDANCE"
2446,performance_attendance,MEMBER_ATTENDANCE,"MEMBER_ID,PERFORMANCE_ID,NUM_OF_PIECES"
2449,club_1,STUDENT,"STUDENT_ID,LAST_NAME,FIRST_NAME,AGE,SEX,MAJOR,ADVISOR,CITY_CODE"
2457,club_1,CLUB,"CLUB_ID,CLUB_NAME,CLUB_DESCRIPTION,CLUB_LOCATION"
2461,club_1,MEMBER_OF_CLUB,"STUDENT_ID,CLUB_ID,POSITION"
2464,singer,SINGER,"SINGER_ID,NAME,BIRTH_YEAR,NET_WORTH_MILLIONS,CITIZENSHIP"
2469,singer,SONG,"SONG_ID,TITLE,SINGER_ID,SALES,HIGHEST_POSITION"
2474,culture_company,BOOK_CLUB,"BOOK_CLUB_ID,YEAR,AUTHOR_OR_EDITOR,BOOK_TITLE,PUBLISHER,CATEGORY,RESULT"
2481,culture_company,MOVIE,"MOVIE_ID,TITLE,YEAR,DIRECTOR,BUDGET_MILLION,GROSS_WORLDWIDE"
2487,culture_company,CULTURE_COMPANY,"COMPANY_NAME,TYPE,INCORPORATED_IN,GROUP_EQUITY_SHAREHOLDING,BOOK_CLUB_ID,MOVIE_ID"
2493,cre_Doc_Template_Mgt,REFERENCE_TEMPLATE_TYPES,"TEMPLATE_TYPE_CODE,TEMPLATE_TYPE_DESCRIPTION"
2495,cre_Doc_Template_Mgt,TEMPLATES,"TEMPLATE_ID,VERSION_NUMBER,TEMPLATE_TYPE_CODE,DATE_EFFECTIVE_FROM,DATE_EFFECTIVE_TO,TEMPLATE_DETAILS"
2501,cre_Doc_Template_Mgt,DOCUMENTS,"DOCUMENT_ID,TEMPLATE_ID,DOCUMENT_NAME,DOCUMENT_DESCRIPTION,OTHER_DETAILS"
2506,cre_Doc_Template_Mgt,PARAGRAPHS,"PARAGRAPH_ID,DOCUMENT_ID,PARAGRAPH_TEXT,OTHER_DETAILS"
2510,musical,MUSICAL,"MUSICAL_ID,NAME,YEAR,AWARD,CATEGORY,NOMINEE,RESULT"
2517,musical,ACTOR,"ACTOR_ID,NAME,MUSICAL_ID,CHARACTER,DURATION,AGE"
2523,world_1,CITY,"ID,NAME,COUNTRY_CODE,DISTRICT,POPULATION"
2528,world_1,SQLITE_SEQUENCE,"NAME,SEQ"
2530,world_1,COUNTRY,"CODE,NAME,CONTINENT,REGION,SURFACE_AREA,INDEPDENT_YEAR,POPULATION,LIFE_EXPECTANCY,GNP,GNP_OLD,LOCAL_NAME,GOVERNMENT_FORM,HEAD_OF_STATE,CAPITAL,CODE2"
2545,world_1,COUNTRYLANGUAGE,"COUNTRYCODE,LANGUAGE,IS_OFFICIAL,PERCENTAGE"
2549,device,DEVICE,"DEVICE_ID,DEVICE,CARRIER,PACKAGE_VERSION,APPLICATIONS,SOFTWARE_PLATFORM"
2555,device,SHOP,"SHOP_ID,SHOP_NAME,LOCATION,OPEN_DATE,OPEN_YEAR"
2560,device,STOCK,"SHOP_ID,DEVICE_ID,QUANTITY"
2563,tracking_grants_for_research,DOCUMENT_TYPES,"DOCUMENT_TYPE_CODE,DOCUMENT_DESCRIPTION"
2565,tracking_grants_for_research,DOCUMENTS,"DOCUMENT_ID,DOCUMENT_TYPE_CODE,GRANT_ID,SENT_DATE,RESPONSE_RECEIVED_DATE,OTHER_DETAILS"
2571,tracking_grants_for_research,GRANTS,"GRANT_ID,ORGANISATION_ID,GRANT_AMOUNT,GRANT_START_DATE,GRANT_END_DATE,OTHER_DETAILS"
2577,tracking_grants_for_research,ORGANISATION_TYPES,"ORGANISATION_TYPE,ORGANISATION_TYPE_DESCRIPTION"
2579,tracking_grants_for_research,ORGANISATIONS,"ORGANISATION_ID,ORGANISATION_TYPE,ORGANISATION_DETAILS"
2582,tracking_grants_for_research,PROJECT_OUTCOMES,"PROJECT_ID,OUTCOME_CODE,OUTCOME_DETAILS"
2585,tracking_grants_for_research,PROJECT_STAFF,"STAFF_ID,PROJECT_ID,ROLE_CODE,DATE_FROM,DATE_TO,OTHER_DETAILS"
2591,tracking_grants_for_research,PROJECTS,"PROJECT_ID,ORGANISATION_ID,PROJECT_DETAILS"
2594,tracking_grants_for_research,RESEARCH_OUTCOMES,"OUTCOME_CODE,OUTCOME_DESCRIPTION"
2596,tracking_grants_for_research,RESEARCH_STAFF,"STAFF_ID,EMPLOYER_ORGANISATION_ID,STAFF_DETAILS"
2599,tracking_grants_for_research,STAFF_ROLES,"ROLE_CODE,ROLE_DESCRIPTION"
2601,tracking_grants_for_research,TASKS,"TASK_ID,PROJECT_ID,TASK_DETAILS,EG_AGREE_OBJECTIVES"
2605,employee_hire_evaluation,EMPLOYEE,"EMPLOYEE_ID,NAME,AGE,CITY"
2609,employee_hire_evaluation,SHOP,"SHOP_ID,NAME,LOCATION,DISTRICT,NUMBER_PRODUCTS,MANAGER_NAME"
2615,employee_hire_evaluation,HIRING,"SHOP_ID,EMPLOYEE_ID,START_FROM,IS_FULL_TIME"
2619,employee_hire_evaluation,EVALUATION,"EMPLOYEE_ID,YEAR_AWARDED,BONUS"
2622,movie_1,MOVIE,"MOVIE_ID,TITLE,YEAR,DIRECTOR"
2626,movie_1,REVIEWER,"REVIEWER_ID,NAME"
2628,movie_1,RATING,"REVIEWER_ID,MOVIE_ID,RATING_STARS,RATING_DATE"
2632,network_1,HIGH_SCHOOLER,"ID,NAME,GRADE"
2635,network_1,FRIEND,"STUDENT_ID,FRIEND_ID"
2637,network_1,LIKES,"STUDENT_ID,LIKED_ID"
2639,poker_player,POKER_PLAYER,"POKER_PLAYER_ID,PEOPLE_ID,FINAL_TABLE_MADE,BEST_FINISH,MONEY_RANK,EARNINGS"
2645,poker_player,PEOPLE,"PEOPLE_ID,NATIONALITY,NAME,BIRTH_DATE,HEIGHT"
2650,program_share,PROGRAM,"PROGRAM_ID,NAME,ORIGIN,LAUNCH,OWNER"
2655,program_share,CHANNEL,"CHANNEL_ID,NAME,OWNER,SHARE_IN_PERCENT,RATING_IN_PERCENT"
2660,program_share,BROADCAST,"CHANNEL_ID,PROGRAM_ID,TIME_OF_DAY"
2663,program_share,BROADCAST_SHARE,"CHANNEL_ID,PROGRAM_ID,DATE,SHARE_IN_PERCENT"
2667,aircraft,PILOT,"PILOT_ID,NAME,AGE"
2670,aircraft,AIRCRAFT,"AIRCRAFT_ID,AIRCRAFT,DESCRIPTION,MAX_GROSS_WEIGHT,TOTAL_DISK_AREA,MAX_DISK_LOADING"
2676,aircraft,MATCH,"ROUND,LOCATION,COUNTRY,DATE,FASTEST_QUALIFYING,WINNING_PILOT,WINNING_AIRCRAFT"
2683,aircraft,AIRPORT,"AIRPORT_ID,AIRPORT_NAME,TOTAL_PASSENGERS,%_CHANGE_2007,INTERNATIONAL_PASSENGERS,DOMESTIC_PASSENGERS,TRANSIT_PASSENGERS,AIRCRAFT_MOVEMENTS,FREIGHT_METRIC_TONNES"
2692,aircraft,AIRPORT_AIRCRAFT,"ID,AIRPORT_ID,AIRCRAFT_ID"
2695,restaurant_1,STUDENT,"STUDENT_ID,LAST_NAME,FIRST_NAME,AGE,SEX,MAJOR,ADVISOR,CITY_CODE"
2703,restaurant_1,RESTAURANT,"RESTAURANT_ID,RESTAURANT_NAME,ADDRESS,RATING"
2707,restaurant_1,TYPE_OF_RESTAURANT,"RESTAURANT_ID,RESTAURANT_TYPE_ID"
2709,restaurant_1,RESTAURANT_TYPE,"RESTAURANT_TYPE_ID,RESTAURANT_TYPE_NAME,RESTAURANT_TYPE_DESCRIPTION"
2712,restaurant_1,VISITS_RESTAURANT,"STUDENT_ID,RESTAURANT_ID,TIME,SPENT"
2716,customers_and_invoices,CUSTOMERS,"CUSTOMER_ID,CUSTOMER_FIRST_NAME,CUSTOMER_MIDDLE_INITIAL,CUSTOMER_LAST_NAME,GENDER,EMAIL_ADDRESS,LOGIN_NAME,LOGIN_PASSWORD,PHONE_NUMBER,TOWN_CITY,STATE_COUNTY_PROVINCE,COUNTRY"
2728,customers_and_invoices,ORDERS,"ORDER_ID,CUSTOMER_ID,DATE_ORDER_PLACED,ORDER_DETAILS"
2732,customers_and_invoices,INVOICES,"INVOICE_NUMBER,ORDER_ID,INVOICE_DATE"
2735,customers_and_invoices,ACCOUNTS,"ACCOUNT_ID,CUSTOMER_ID,DATE_ACCOUNT_OPENED,ACCOUNT_NAME,OTHER_ACCOUNT_DETAILS"
2740,customers_and_invoices,PRODUCT_CATEGORIES,"PRODUCTION_TYPE_CODE,PRODUCT_TYPE_DESCRIPTION,VAT_RATING"
2743,customers_and_invoices,PRODUCTS,"PRODUCT_ID,PARENT_PRODUCT_ID,PRODUCTION_TYPE_CODE,UNIT_PRICE,PRODUCT_NAME,PRODUCT_COLOR,PRODUCT_SIZE"
2750,customers_and_invoices,FINANCIAL_TRANSACTIONS,"TRANSACTION_ID,ACCOUNT_ID,INVOICE_NUMBER,TRANSACTION_TYPE,TRANSACTION_DATE,TRANSACTION_AMOUNT,TRANSACTION_COMMENT,OTHER_TRANSACTION_DETAILS"
2758,customers_and_invoices,ORDER_ITEMS,"ORDER_ITEM_ID,ORDER_ID,PRODUCT_ID,PRODUCT_QUANTITY,OTHER_ORDER_ITEM_DETAILS"
2763,customers_and_invoices,INVOICE_LINE_ITEMS,"ORDER_ITEM_ID,INVOICE_NUMBER,PRODUCT_ID,PRODUCT_TITLE,PRODUCT_QUANTITY,PRODUCT_PRICE,DERIVED_PRODUCT_COST,DERIVED_VAT_PAYABLE,DERIVED_TOTAL_COST"
2772,insurance_and_eClaims,CUSTOMERS,"CUSTOMER_ID,CUSTOMER_DETAILS"
2774,insurance_and_eClaims,STAFF,"STAFF_ID,STAFF_DETAILS"
2776,insurance_and_eClaims,POLICIES,"POLICY_ID,CUSTOMER_ID,POLICY_TYPE_CODE,START_DATE,END_DATE"
2781,insurance_and_eClaims,CLAIM_HEADERS,"CLAIM_HEADER_ID,CLAIM_STATUS_CODE,CLAIM_TYPE_CODE,POLICY_ID,DATE_OF_CLAIM,DATE_OF_SETTLEMENT,AMOUNT_CLAIMED,AMOUNT_PIAD"
2789,insurance_and_eClaims,CLAIMS_DOCUMENTS,"CLAIM_ID,DOCUMENT_TYPE_CODE,CREATED_BY_STAFF_ID,CREATED_DATE"
2793,insurance_and_eClaims,CLAIMS_PROCESSING_STAGES,"CLAIM_STAGE_ID,NEXT_CLAIM_STAGE_ID,CLAIM_STATUS_NAME,CLAIM_STATUS_DESCRIPTION"
2797,insurance_and_eClaims,CLAIMS_PROCESSING,"CLAIM_PROCESSING_ID,CLAIM_ID,CLAIM_OUTCOME_CODE,CLAIM_STAGE_ID,STAFF_ID"
2802,college_1,CLASS,"CLASS_CODE,COURSE_CODE,CLASS_SECTION,CLASS_TIME,CLASS_ROOM,PROFESSOR_EMPLOYEE_NUMBER"
2808,college_1,COURSE,"COURSE_CODE,DEPARTMENT_CODE,COURSE_DESCRIPTION,COURSE_CREDIT"
2812,college_1,DEPARTMENT,"DEPARTMENT_CODE,DEPARTMENT_NAME,SCHOOL_CODE,EMPLOYEE_NUMBER,DEPARTMENT_ADDRESS,DEPARTMENT_EXTENSION"
2818,college_1,EMPLOYEE,"EMPLOYEE_NUMBER,EMPLOYEE_LAST_NAME,EMPLOYEE_FIRST_NAME,EMPLOYEE_INITIAL,EMPLOYEE_JOB_CODE,EMPLOYEE_HIRE_DATE,EMPLOYEE_DATE_OF_BIRTH"
2825,college_1,ENROLL,"CLASS_CODE,STUDENT_NUMBER,ENROLL_GRADE"
2828,college_1,PROFESSOR,"EMPLOYEE_NUMBER,DEPARTMENT_CODE,PROFESSOR_OFFICE,PROFESSOR_EXTENSION,PROFESSOR_HIGH_DEGREE"
2833,college_1,STUDENT,"STUDENT_NUM,STUDENT_LAST_NAME,STUDENT_FIRST_NAME,STUDENT_INIT,STUDENT_DATE_OF_BIRTH,STUDENT_CLASS_HOURS_TOOK,STUDENT_CLASS,STUDENT_GPA,STUDENT_TRANSFER,DEPARTMENT_CODE,STUDENT_PHONE,PROFESSOR_NUMBER"
2845,local_govt_mdm,CUSTOMER_MASTER_INDEX,"MASTER_CUSTOMER_ID,CMI_DETAILS"
2847,local_govt_mdm,CMI_CROSS_REFERENCES,"CMI_CROSS_REFERENCE_ID,MASTER_CUSTOMER_ID,SOURCE_SYSTEM_CODE"
2850,local_govt_mdm,COUNCIL_TAX,"COUNCIL_TAX_ID,CMI_CROSS_REFERENCE_ID"
2852,local_govt_mdm,BUSINESS_RATES,"BUSINESS_RATES_ID,CMI_CROSS_REFERENCE_ID"
2854,local_govt_mdm,BENEFITS_OVERPAYMENTS,"COUNCIL_TAX_ID,CMI_CROSS_REF_ID"
2856,local_govt_mdm,PARKING_FINES,"COUNCIL_TAX_ID,CMI_CROSS_REFERENCE_ID"
2858,local_govt_mdm,RENT_ARREARS,"COUNCIL_TAX_ID,CMI_CROSS_REFERENCE_ID"
2860,local_govt_mdm,ELECTORAL_REGISTER,"ELECTORAL_REGISTER_ID,CMI_CROSS_REFERENCE_ID"
2862,book_2,PUBLICATION,"PUBLICATION_ID,BOOK_ID,PUBLISHER,PUBLICATION_DATE,PRICE"
2867,book_2,BOOK,"BOOK_ID,TITLE,ISSUES,WRITER"
2871,hr_1,REGIONS,"REGION_ID,REGION_NAME"
2873,hr_1,COUNTRIES,"COUNTRY_ID,COUNTRY_NAME,REGION_ID"
2876,hr_1,DEPARTMENTS,"DEPARTMENT_ID,DEPARTMENT_NAME,MANAGER_ID,LOCATION_ID"
2880,hr_1,JOBS,"JOB_ID,JOB_TITLE,MIN_SALARY,MAX_SALARY"
2884,hr_1,EMPLOYEES,"EMPLOYEE_ID,FIRST_NAME,LAST_NAME,EMAIL,PHONE_NUMBER,HIRE_DATE,JOB_ID,SALARY,COMMISSION_PCT,MANAGER_ID,DEPARTMENT_ID"
2895,hr_1,JOB_HISTORY,"EMPLOYEE_ID,START_DATE,END_DATE,JOB_ID,DEPARTMENT_ID"
2900,hr_1,LOCATIONS,"LOCATION_ID,STREET_ADDRESS,POSTAL_CODE,CITY,STATE_PROVINCE,COUNTRY_ID"
2906,soccer_1,PLAYER_ATTRIBUTES,"ID,PLAYER_FIFA_API_ID,PLAYER_API_ID,DATE,OVERALL_RATING,POTENTIAL,PREFERRED_FOOT,ATTACKING_WORK_RATE,DEFENSIVE_WORK_RATE,CROSSING,FINISHING,HEADING_ACCURACY,SHORT_PASSING,VOLLEYS,DRIBBLING,CURVE,FREE_KICK_ACCURACY,LONG_PASSING,BALL_CONTROL,ACCELERATION,SPRINT_SPEED,AGILITY,REACTIONS,BALANCE,SHOT_POWER,JUMPING,STAMINA,STRENGTH,LONG_SHOTS,AGGRESSION,INTERCEPTIONS,POSITIONING,VISION,PENALTIES,MARKING,STANDING_TACKLE,SLIDING_TACKLE,GK_DIVING,GK_HANDLING,GK_KICKING,GK_POSITIONING,GK_REFLEXES"
2948,soccer_1,SQLITE_SEQUENCE,"NAME,SEQ"
2950,soccer_1,PLAYER,"ID,PLAYER_API_ID,PLAYER_NAME,PLAYER_FIFA_API_ID,BIRTHDAY,HEIGHT,WEIGHT"
2957,soccer_1,LEAGUE,"ID,COUNTRY_ID,NAME"
2960,soccer_1,COUNTRY,"ID,NAME"
2962,soccer_1,TEAM,"ID,TEAM_API_ID,TEAM_FIFA_API_ID,TEAM_LONG_NAME,TEAM_SHORT_NAME"
2967,soccer_1,TEAM_ATTRIBUTES,"ID,TEAM_FIFA_API_ID,TEAM_API_ID,DATE,BUILDUP_PLAY_SPEED,BUILDUP_PLAY_SPEED_CLASS,BUILDUP_PLAY_DRIBBLING,BUILDUP_PLAY_DRIBBLING_CLASS,BUILDUP_PLAY_PASSING,BUILDUP_PLAY_PASSING_CLASS,BUILDUP_PLAY_POSITIONING_CLASS,CHANCE_CREATION_PASSING,CHANCE_CREATION_PASSING_CLASS,CHANCE_CREATION_CROSSING,CHANCE_CREATION_CROSSING_CLASS,CHANCE_CREATION_SHOOTING,CHANCE_CREATION_SHOOTING_CLASS,CHANCE_CREATION_POSITIONING_CLASS,DEFENCE_PRESSURE,DEFENCE_PRESSURE_CLASS,DEFENCE_AGGRESSION,DEFENCE_AGGRESSION_CLASS,DEFENCE_TEAM_WIDTH,DEFENCE_TEAM_WIDTH_CLASS,DEFENCE_DEFENDER_LINE_CLASS"
2992,sakila_1,ACTOR,"ACTOR_ID,FIRST_NAME,LAST_NAME,LAST_UPDATE"
2996,sakila_1,ADDRESS,"ADDRESS_ID,ADDRESS,ADDRESS2,DISTRICT,CITY_ID,POSTAL_CODE,PHONE,LAST_UPDATE"
3004,sakila_1,CATEGORY,"CATEGORY_ID,NAME,LAST_UPDATE"
3007,sakila_1,CITY,"CITY_ID,CITY,COUNTRY_ID,LAST_UPDATE"
3011,sakila_1,COUNTRY,"COUNTRY_ID,COUNTRY,LAST_UPDATE"
3014,sakila_1,CUSTOMER,"CUSTOMER_ID,STORE_ID,FIRST_NAME,LAST_NAME,EMAIL,ADDRESS_ID,ACTIVE,CREATE_DATE,LAST_UPDATE"
3023,sakila_1,FILM,"FILM_ID,TITLE,DESCRIPTION,RELEASE_YEAR,LANGUAGE_ID,ORIGINAL_LANGUAGE_ID,RENTAL_DURATION,RENTAL_RATE,LENGTH,REPLACEMENT_COST,RATING,SPECIAL_FEATURES,LAST_UPDATE"
3036,sakila_1,FILM_ACTOR,"ACTOR_ID,FILM_ID,LAST_UPDATE"
3039,sakila_1,FILM_CATEGORY,"FILM_ID,CATEGORY_ID,LAST_UPDATE"
3042,sakila_1,FILM_TEXT,"FILM_ID,TITLE,DESCRIPTION"
3045,sakila_1,INVENTORY,"INVENTORY_ID,FILM_ID,STORE_ID,LAST_UPDATE"
3049,sakila_1,LANGUAGE,"LANGUAGE_ID,NAME,LAST_UPDATE"
3052,sakila_1,PAYMENT,"PAYMENT_ID,CUSTOMER_ID,STAFF_ID,RENTAL_ID,AMOUNT,PAYMENT_DATE,LAST_UPDATE"
3059,sakila_1,RENTAL,"RENTAL_ID,RENTAL_DATE,INVENTORY_ID,CUSTOMER_ID,RETURN_DATE,STAFF_ID,LAST_UPDATE"
3066,sakila_1,STAFF,"STAFF_ID,FIRST_NAME,LAST_NAME,ADDRESS_ID,PICTURE,EMAIL,STORE_ID,ACTIVE,USERNAME,PASSWORD,LAST_UPDATE"
3077,sakila_1,STORE,"STORE_ID,MANAGER_STAFF_ID,ADDRESS_ID,LAST_UPDATE"
3081,real_estate_properties,REFERENCE_FEATURE_TYPES,"FEATURE_TYPE_CODE,FEATURE_TYPE_NAME"
3083,real_estate_properties,REFERENCE_PROPERTY_TYPES,"PROPERTY_TYPE_CODE,PROPERTY_TYPE_DESCRIPTION"
3085,real_estate_properties,OTHER_AVAILABLE_FEATURES,"FEATURE_ID,FEATURE_TYPE_CODE,FEATURE_NAME,FEATURE_DESCRIPTION"
3089,real_estate_properties,PROPERTIES,"PROPERTY_ID,PROPERTY_TYPE_CODE,DATE_ON_MARKET,DATE_SOLD,PROPERTY_NAME,PROPERTY_ADDRESS,ROOM_COUNT,VENDOR_REQUESTED_PRICE,BUYER_OFFERED_PRICE,AGREED_SELLING_PRICE,APT_FEATURE_1,APT_FEATURE_2,APT_FEATURE_3,FLD_FEATURE_1,FLD_FEATURE_2,FLD_FEATURE_3,HSE_FEATURE_1,HSE_FEATURE_2,HSE_FEATURE_3,OTH_FEATURE_1,OTH_FEATURE_2,OTH_FEATURE_3,SHP_FEATURE_1,SHP_FEATURE_2,SHP_FEATURE_3,OTHER_PROPERTY_DETAILS"
3115,real_estate_properties,OTHER_PROPERTY_FEATURES,"PROPERTY_ID,FEATURE_ID,PROPERTY_FEATURE_DESCRIPTION"
3118,college_3,STUDENT,"STUDENT_ID,LAST_NAME,FIRST_NAME,AGE,SEX,MAJOR,ADVISOR,CITY_CODE"
3126,college_3,FACULTY,"FACULTY_ID,LAST_NAME,FIRST_NAME,RANK,SEX,PHONE,ROOM,BUILDING"
3134,college_3,DEPARTMENT,"DEPARTMENT_NUMBER,DIVISION,DEPARTMENT_NAME,ROOM,BUILDING,DEPARTMENT_PHONE"
3140,college_3,MEMBER_OF,"FACULTY_ID,DEPARTMENT_NUMBER,APPT_TYPE"
3143,college_3,COURSE,"COURSE_ID,COURSE_NAME,CREDITS,INSTRUCTOR,DAYS,HOURS,DEPARTMENT_NUMBER"
3150,college_3,MINOR_IN,"STUDENT_ID,DEPARTMENT_NUMBER"
3152,college_3,ENROLLED_IN,"STUDENT_ID,COURSE_ID,GRADE"
3155,college_3,GRADE_CONVERSION,"LETTER_GRADE,GRADE_POINT"
3157,course_teach,COURSE,"COURSE_ID,STARING_DATE,COURSE"
3160,course_teach,TEACHER,"TEACHER_ID,NAME,AGE,HOMETOWN"
3164,course_teach,COURSE_ARRANGE,"COURSE_ID,TEACHER_ID,GRADE"
3167,roller_coaster,ROLLER_COASTER,"ROLLER_COASTER_ID,NAME,PARK,COUNTRY_ID,LENGTH,HEIGHT,SPEED,OPENED,STATUS"
3176,roller_coaster,COUNTRY,"COUNTRY_ID,NAME,POPULATION,AREA,LANGUAGES"
3181,customer_deliveries,PRODUCTS,"PRODUCT_ID,PRODUCT_NAME,PRODUCT_PRICE,PRODUCT_DESCRIPTION"
3185,customer_deliveries,ADDRESSES,"ADDRESS_ID,ADDRESS_DETAILS,CITY,ZIP_POSTCODE,STATE_PROVINCE_COUNTY,COUNTRY"
3191,customer_deliveries,CUSTOMERS,"CUSTOMER_ID,PAYMENT_METHOD,CUSTOMER_NAME,CUSTOMER_PHONE,CUSTOMER_EMAIL,DATE_BECAME_CUSTOMER"
3197,customer_deliveries,REGULAR_ORDERS,"REGULAR_ORDER_ID,DISTRIBUTER_ID"
3199,customer_deliveries,REGULAR_ORDER_PRODUCTS,"REGULAR_ORDER_ID,PRODUCT_ID"
3201,customer_deliveries,ACTUAL_ORDERS,"ACTUAL_ORDER_ID,ORDER_STATUS_CODE,REGULAR_ORDER_ID,ACTUAL_ORDER_DATE"
3205,customer_deliveries,ACTUAL_ORDER_PRODUCTS,"ACTUAL_ORDER_ID,PRODUCT_ID"
3207,customer_deliveries,CUSTOMER_ADDRESSES,"CUSTOMER_ID,ADDRESS_ID,DATE_FROM,ADDRESS_TYPE,DATE_TO"
3212,customer_deliveries,DELIVERY_ROUTES,"ROUTE_ID,ROUTE_NAME,OTHER_ROUTE_DETAILS"
3215,customer_deliveries,DELIVERY_ROUTE_LOCATIONS,"LOCATION_CODE,ROUTE_ID,LOCATION_ADDRESS_ID,LOCATION_NAME"
3219,customer_deliveries,TRUCKS,"TRUCK_ID,TRUCK_LICENCE_NUMBER,TRUCK_DETAILS"
3222,customer_deliveries,EMPLOYEES,"EMPLOYEE_ID,EMPLOYEE_ADDRESS_ID,EMPLOYEE_NAME,EMPLOYEE_PHONE"
3226,customer_deliveries,ORDER_DELIVERIES,"LOCATION_CODE,ACTUAL_ORDER_ID,DELIVERY_STATUS_CODE,DRIVER_EMPLOYEE_ID,TRUCK_ID,DELIVERY_DATE"
3232,game_injury,STADIUM,"ID,NAME,HOME_GAMES,AVERAGE_ATTENDANCE,TOTAL_ATTENDANCE,CAPACITY_PERCENTAGE"
3238,game_injury,GAME,"STADIUM_ID,ID,SEASON,DATE,HOME_TEAM,AWAY_TEAM,SCORE,COMPETITION"
3246,game_injury,INJURY_ACCIDENT,"GAME_ID,ID,PLAYER,INJURY,NUMBER_OF_MATCHES,SOURCE"
3252,school_finance,SCHOOL,"SCHOOL_ID,SCHOOL_NAME,LOCATION,MASCOT,ENROLLMENT,IHSAA_CLASS,IHSAA_FOOTBALL_CLASS,COUNTY"
3260,school_finance,BUDGET,"SCHOOL_ID,YEAR,BUDGETED,TOTAL_BUDGET_PERCENT_BUDGETED,INVESTED,TOTAL_BUDGET_PERCENT_INVESTED,BUDGET_INVESTED_PERCENT"
3267,school_finance,ENDOWMENT,"ENDOWMENT_ID,SCHOOL_ID,DONATOR_NAME,AMOUNT"
3271,scholar,AUTHOR,"AUTHOR_ID,AUTHOR_NAME"
3273,scholar,CITE,"CITING_PAPER_ID,CITED_PAPER_ID"
3275,scholar,DATASET,"DATASET_ID,DATASET_NAME"
3277,scholar,JOURNAL,"JOURNAL_ID,JOURNAL_NAME"
3279,scholar,KEY_PHRASE,"KEY_PHRASE_ID,KEY_PHRASE_NAME"
3281,scholar,PAPER,"PAPER_ID,TITLE,VENUE_ID,YEAR,NUMBER_OF_CITING,NUMBER_CITED_BY,JOURNAL_ID"
3288,scholar,PAPER_DATASET,"PAPER_ID,DATASET_ID"
3290,scholar,PAPER_KEY_PHRASE,"PAPER_ID,KEY_PHRASE_ID"
3292,scholar,VENUE,"VENUE_ID,VENUE_NAME"
3294,scholar,WRITES,"PAPER_ID,AUTHOR_ID"
3296,voter_1,AREA_CODE_STATE,"AREA_CODE,STATE"
3298,voter_1,CONTESTANTS,"CONTESTANT_NUMBER,CONTESTANT_NAME"
3300,voter_1,VOTES,"VOTE_ID,PHONE_NUMBER,STATE,CONTESTANT_NUMBER,CREATED"
3305,match_season,COUNTRY,"COUNTRY_ID,COUNTRY_NAME,CAPITAL,OFFICIAL_NATIVE_LANGUAGE"
3309,match_season,TEAM,"TEAM_ID,NAME"
3311,match_season,MATCH_SEASON,"SEASON,PLAYER,POSITION,COUNTRY,TEAM,DRAFT_PICK_NUMBER,DRAFT_CLASS,COLLEGE"
3319,match_season,PLAYER,"PLAYER_ID,PLAYER,YEARS_PLAYED,TOTAL_WL,SINGLES_WL,DOUBLES_WL,TEAM"
3326,small_bank_1,ACCOUNTS,"CUSTOMER_ID,NAME"
3328,small_bank_1,SAVINGS,"CUSTOMER_ID,BALANCE"
3330,small_bank_1,CHECKING,"CUSTOMER_ID,BALANCE"
3332,wta_1,PLAYERS,"PLAYER_ID,FIRST_NAME,LAST_NAME,HAND,BIRTH_DATE,COUNTRY_CODE"
3338,wta_1,MATCHES,"BEST_OF,DRAW_SIZE,LOSER_AGE,LOSER_ENTRY,LOSER_HAND,LOSER_HT,LOSER_ID,LOSER_IOC,LOSER_NAME,LOSER_RANK,LOSER_RANK_POINTS,LOSER_SEED,MATCH_NUM,MINUTES,ROUND,SCORE,SURFACE,TOURNEY_DATE,TOURNEY_ID,TOURNEY_LEVEL,TOURNEY_NAME,WINNER_AGE,WINNER_ENTRY,WINNER_HAND,WINNER_HT,WINNER_ID,WINNER_IOC,WINNER_NAME,WINNER_RANK,WINNER_RANK_POINTS,WINNER_SEED,YEAR"
3370,wta_1,RANKINGS,"RANKING_DATE,RANKING,PLAYER_ID,RANKING_POINTS,TOURS"
3375,yelp,BUSINESS,"BID,BUSINESS_ID,NAME,FULL_ADDRESS,CITY,LATITUDE,LONGITUDE,REVIEW_COUNT,IS_OPEN,RATING,STATE"
3386,yelp,CATEGORY,"ID,BUSINESS_ID,CATEGORY_NAME"
3389,yelp,USER,"UID,USER_ID,NAME"
3392,yelp,CHECKIN,"CID,BUSINESS_ID,COUNT,DAY"
3396,yelp,NEIGHBOURHOOD,"ID,BUSINESS_ID,NEIGHBOURHOOD_NAME"
3399,yelp,REVIEW,"RID,BUSINESS_ID,USER_ID,RATING,TEXT,YEAR,MONTH"
3406,yelp,TIP,"TIP_ID,BUSINESS_ID,TEXT,USER_ID,LIKES,YEAR,MONTH"
3413,student_1,LIST,"LAST_NAME,FIRST_NAME,GRADE,CLASS_ROOM"
3417,student_1,TEACHERS,"LAST_NAME,FIRST_NAME,CLASS_ROOM"
3420,manufacturer,MANUFACTURER,"MANUFACTURER_ID,OPEN_YEAR,NAME,NUM_OF_FACTORIES,NUM_OF_SHOPS"
3425,manufacturer,FURNITURE,"FURNITURE_ID,NAME,NUM_OF_COMPONENT,MARKET_RATE"
3429,manufacturer,FURNITURE_MANUFACTE,"MANUFACTURER_ID,FURNITURE_ID,PRICE_IN_DOLLAR"
3432,store_1,SQLITE_SEQUENCE,"NAME,SEQ"
3434,store_1,ARTISTS,"ID,NAME"
3436,store_1,ALBUMS,"ID,TITLE,ARTIST_ID"
3439,store_1,EMPLOYEES,"ID,LAST_NAME,FIRST_NAME,TITLE,REPORTS_TO,BIRTH_DATE,HIRE_DATE,ADDRESS,CITY,STATE,COUNTRY,POSTAL_CODE,PHONE,FAX,EMAIL"
3454,store_1,CUSTOMERS,"ID,FIRST_NAME,LAST_NAME,COMPANY,ADDRESS,CITY,STATE,COUNTRY,POSTAL_CODE,PHONE,FAX,EMAIL,SUPPORT_REP_ID"
3467,store_1,GENRES,"ID,NAME"
3469,store_1,INVOICES,"ID,CUSTOMER_ID,INVOICE_DATE,BILLING_ADDRESS,BILLING_CITY,BILLING_STATE,BILLING_COUNTRY,BILLING_POSTAL_CODE,TOTAL"
3478,store_1,MEDIA_TYPES,"ID,NAME"
3480,store_1,TRACKS,"ID,NAME,ALBUM_ID,MEDIA_TYPE_ID,GENRE_ID,COMPOSER,MILLISECONDS,BYTES,UNIT_PRICE"
3489,store_1,INVOICE_LINES,"ID,INVOICE_ID,TRACK_ID,UNIT_PRICE,QUANTITY"
3494,store_1,PLAYLISTS,"ID,NAME"
3496,store_1,PLAYLIST_TRACKS,"PLAYLIST_ID,TRACK_ID"
3498,train_station,STATION,"STATION_ID,NAME,ANNUAL_ENTRY_EXIT,ANNUAL_INTERCHANGES,TOTAL_PASSENGERS,LOCATION,MAIN_SERVICES,NUMBER_OF_PLATFORMS"
3506,train_station,TRAIN,"TRAIN_ID,NAME,TIME,SERVICE"
3510,train_station,TRAIN_STATION,"TRAIN_ID,STATION_ID"
3512,document_management,ROLES,"ROLE_CODE,ROLE_DESCRIPTION"
3514,document_management,USERS,"USER_ID,ROLE_CODE,USER_NAME,USER_LOGIN,PASSWORD"
3519,document_management,DOCUMENT_STRUCTURES,"DOCUMENT_STRUCTURE_CODE,PARENT_DOCUMENT_STRUCTURE_CODE,DOCUMENT_STRUCTURE_DESCRIPTION"
3522,document_management,FUNCTIONAL_AREAS,"FUNCTIONAL_AREA_CODE,PARENT_FUNCTIONAL_AREA_CODE,FUNCTIONAL_AREA_DESCRIPTION"
3525,document_management,IMAGES,"IMAGE_ID,IMAGE_ALT_TEXT,IMAGE_NAME,IMAGE_URL"
3529,document_management,DOCUMENTS,"DOCUMENT_CODE,DOCUMENT_STRUCTURE_CODE,DOCUMENT_TYPE_CODE,ACCESS_COUNT,DOCUMENT_NAME"
3534,document_management,DOCUMENT_FUNCTIONAL_AREAS,"DOCUMENT_CODE,FUNCTIONAL_AREA_CODE"
3536,document_management,DOCUMENT_SECTIONS,"SECTION_ID,DOCUMENT_CODE,SECTION_SEQUENCE,SECTION_CODE,SECTION_TITLE"
3541,document_management,DOCUMENT_SECTIONS_IMAGES,"SECTION_ID,IMAGE_ID"
3543,formula_1,RACES,"RACE_ID,YEAR,ROUND,CIRCUIT_ID,NAME,DATE,TIME,URL"
3551,formula_1,DRIVERS,"DRIVER_ID,DRIVER_REFERENCE,NUMBER,CODE,FORENAME,SURNAME,DOB,NATIONALITY,URL"
3560,formula_1,STATUS,"STATUS_ID,STATUS"
3562,formula_1,SEASONS,"YEAR,URL"
3564,formula_1,CONSTRUCTORS,"CONSTRUCTOR_ID,CONSTRUCTOR_REFERENCE,NAME,NATIONALITY,URL"
3569,formula_1,CONSTRUCTOR_STANDINGS,"CONSTRUCTOR_STANDINGS_ID,RACE_ID,CONSTRUCTOR_ID,POINTS,POSITION,POSITION_TEXT,WINS"
3576,formula_1,RESULTS,"RESULT_ID,RACE_ID,DRIVER_ID,CONSTRUCTOR_ID,NUMBER,GRID,POSITION,POSITION_TEXT,POSITION_ORDER,POINTS,LAPS,TIME,MILLISECONDS,FASTEST_LAP,RANK,FASTEST_LAP_TIME,FASTEST_LAP_SPEED,STATUS_ID"
3594,formula_1,DRIVER_STANDINGS,"DRIVER_STANDINGS_ID,RACE_ID,DRIVER_ID,POINTS,POSITION,POSITION_TEXT,WINS"
3601,formula_1,CONSTRUCTOR_RESULTS,"CONSTRUCTOR_RESULTS_ID,RACE_ID,CONSTRUCTOR_ID,POINTS,STATUS"
3606,formula_1,QUALIFYING,"QUALIFY_ID,RACE_ID,DRIVER_ID,CONSTRUCTOR_ID,NUMBER,POSITION,Q1,Q2,Q3"
3615,formula_1,CIRCUITS,"CIRCUIT_ID,CIRCUIT_REFERENCE,NAME,LOCATION,COUNTRY,LATITUDE,LONGITUDE,ALTITUDE,URL"
3624,formula_1,PITSTOPS,"RACE_ID,DRIVER_ID,STOP,LAP,TIME,DURATION,MILLISECONDS"
3631,formula_1,LAPTIMES,"RACE_ID,DRIVER_ID,LAP,POSITION,TIME,MILLISECONDS"
3637,game_1,STUDENT,"STUDENT_ID,LAST_NAME,FIRST_NAME,AGE,SEX,MAJOR,ADVISOR,CITY_CODE"
3645,game_1,VIDEO_GAMES,"GAME_ID,GAME_NAME,GAME_TYPE"
3648,game_1,PLAYS_GAMES,"STUDENT_ID,GAME_ID,HOURS_PLAYED"
3651,game_1,SPORTS_INFO,"STUDENT_ID,SPORT_NAME,HOURS_PER_WEEK,GAMES_PLAYED,ON_SCHOLARSHIP"
3656,loan_1,BANK,"BRANCH_ID,BNAME,NO_OF_CUSTOMERS,CITY,STATE"
3661,loan_1,CUSTOMER,"CUSTOMER_ID,CUSTOMER_NAME,ACCOUNT_TYPE,ACCOUNT_BALANCE,NUMBER_OF_LOANS,CREDIT_SCORE,BRANCH_ID,STATE"
3669,loan_1,LOAN,"LOAN_ID,LOAN_TYPE,CUSTOMER_ID,BRANCH_ID,AMOUNT"
3674,bike_1,STATION,"ID,NAME,LATITUDE,LONGITUDE,DOCK_COUNT,CITY,INSTALLATION_DATE"
3681,bike_1,STATUS,"STATION_ID,BIKES_AVAILABLE,DOCKS_AVAILABLE,TIME"
3685,bike_1,TRIP,"ID,DURATION,START_DATE,START_STATION_NAME,START_STATION_ID,END_DATE,END_STATION_NAME,END_STATION_ID,BIKE_ID,SUBSCRIPTION_TYPE,ZIP_CODE"
3696,bike_1,WEATHER,"DATE,MAX_TEMPERATURE_F,MEAN_TEMPERATURE_F,MIN_TEMPERATURE_F,MAX_DEW_POINT_F,MEAN_DEW_POINT_F,MIN_DEW_POINT_F,MAX_HUMIDITY,MEAN_HUMIDITY,MIN_HUMIDITY,MAX_SEA_LEVEL_PRESSURE_INCHES,MEAN_SEA_LEVEL_PRESSURE_INCHES,MIN_SEA_LEVEL_PRESSURE_INCHES,MAX_VISIBILITY_MILES,MEAN_VISIBILITY_MILES,MIN_VISIBILITY_MILES,MAX_WIND_SPEED_MPH,MEAN_WIND_SPEED_MPH,MAX_GUST_SPEED_MPH,PRECIPITATION_INCHES,CLOUD_COVER,EVENTS,WIND_DIR_DEGREES,ZIP_CODE"
3720,entrepreneur,ENTREPRENEUR,"ENTREPRENEUR_ID,PEOPLE_ID,COMPANY,MONEY_REQUESTED,INVESTOR"
3725,entrepreneur,PEOPLE,"PEOPLE_ID,NAME,HEIGHT,WEIGHT,DATE_OF_BIRTH"
3730,orchestra,CONDUCTOR,"CONDUCTOR_ID,NAME,AGE,NATIONALITY,YEAR_OF_WORK"
3735,orchestra,ORCHESTRA,"ORCHESTRA_ID,ORCHESTRA,CONDUCTOR_ID,RECORD_COMPANY,YEAR_OF_FOUNDED,MAJOR_RECORD_FORMAT"
3741,orchestra,PERFORMANCE,"PERFORMANCE_ID,ORCHESTRA_ID,TYPE,DATE,OFFICIAL_RATINGS_(MILLIONS),WEEKLY_RANK,SHARE"
3748,orchestra,SHOW,"SHOW_ID,PERFORMANCE_ID,IF_FIRST_SHOW,RESULT,ATTENDANCE"
3753,cre_Drama_Workshop_Groups,REFERENCE_PAYMENT_METHODS,"PAYMENT_METHOD_CODE,PAYMENT_METHOD_DESCRIPTION"
3755,cre_Drama_Workshop_Groups,REFERENCE_SERVICE_TYPES,"SERVICE_TYPE_CODE,PARENT_SERVICE_TYPE_CODE,SERVICE_TYPE_DESCRIPTION"
3758,cre_Drama_Workshop_Groups,ADDRESSES,"ADDRESS_ID,LINE_1,LINE_2,CITY_TOWN,STATE_COUNTY,OTHER_DETAILS"
3764,cre_Drama_Workshop_Groups,PRODUCTS,"PRODUCT_ID,PRODUCT_NAME,PRODUCT_PRICE,PRODUCT_DESCRIPTION,OTHER_PRODUCT_SERVICE_DETAILS"
3769,cre_Drama_Workshop_Groups,MARKETING_REGIONS,"MARKETING_REGION_CODE,MARKETING_REGION_NAME,MARKETING_REGION_DESCRIPTRION,OTHER_DETAILS"
3773,cre_Drama_Workshop_Groups,CLIENTS,"CLIENT_ID,ADDRESS_ID,CUSTOMER_EMAIL_ADDRESS,CUSTOMER_NAME,CUSTOMER_PHONE,OTHER_DETAILS"
3779,cre_Drama_Workshop_Groups,DRAMA_WORKSHOP_GROUPS,"WORKSHOP_GROUP_ID,ADDRESS_ID,CURRENCY_CODE,MARKETING_REGION_CODE,STORE_NAME,STORE_PHONE,STORE_EMAIL_ADDRESS,OTHER_DETAILS"
3787,cre_Drama_Workshop_Groups,PERFORMERS,"PERFORMER_ID,ADDRESS_ID,CUSTOMER_NAME,CUSTOMER_PHONE,CUSTOMER_EMAIL_ADDRESS,OTHER_DETAILS"
3793,cre_Drama_Workshop_Groups,CUSTOMERS,"CUSTOMER_ID,ADDRESS_ID,CUSTOMER_NAME,CUSTOMER_PHONE,CUSTOMER_EMAIL_ADDRESS,OTHER_DETAILS"
3799,cre_Drama_Workshop_Groups,STORES,"STORE_ID,ADDRESS_ID,MARKETING_REGION_CODE,STORE_NAME,STORE_PHONE,STORE_EMAIL_ADDRESS,OTHER_DETAILS"
3806,cre_Drama_Workshop_Groups,BOOKINGS,"BOOKING_ID,CUSTOMER_ID,WORKSHOP_GROUP_ID,STATUS_CODE,STORE_ID,ORDER_DATE,PLANNED_DELIVERY_DATE,ACTUAL_DELIVERY_DATE,OTHER_ORDER_DETAILS"
3815,cre_Drama_Workshop_Groups,PERFORMERS_IN_BOOKINGS,"ORDER_ID,PERFORMER_ID"
3817,cre_Drama_Workshop_Groups,CUSTOMER_ORDERS,"ORDER_ID,CUSTOMER_ID,STORE_ID,ORDER_DATE,PLANNED_DELIVERY_DATE,ACTUAL_DELIVERY_DATE,OTHER_ORDER_DETAILS"
3824,cre_Drama_Workshop_Groups,ORDER_ITEMS,"ORDER_ITEM_ID,ORDER_ID,PRODUCT_ID,ORDER_QUANTITY,OTHER_ITEM_DETAILS"
3829,cre_Drama_Workshop_Groups,INVOICES,"INVOICE_ID,ORDER_ID,PAYMENT_METHOD_CODE,PRODUCT_ID,ORDER_QUANTITY,OTHER_ITEM_DETAILS,ORDER_ITEM_ID"
3836,cre_Drama_Workshop_Groups,SERVICES,"SERVICE_ID,SERVICE_TYPE_CODE,WORKSHOP_GROUP_ID,PRODUCT_DESCRIPTION,PRODUCT_NAME,PRODUCT_PRICE,OTHER_PRODUCT_SERVICE_DETAILS"
3843,cre_Drama_Workshop_Groups,BOOKINGS_SERVICES,"ORDER_ID,PRODUCT_ID"
3845,cre_Drama_Workshop_Groups,INVOICE_ITEMS,"INVOICE_ITEM_ID,INVOICE_ID,ORDER_ID,ORDER_ITEM_ID,PRODUCT_ID,ORDER_QUANTITY,OTHER_ITEM_DETAILS"
3852,car_1,CONTINENTS,"CONT_ID,CONTINENT"
3854,car_1,COUNTRIES,"COUNTRY_ID,COUNTRY_NAME,CONTINENT"
3857,car_1,CAR_MAKERS,"ID,MAKER,FULL_NAME,COUNTRY"
3861,car_1,MODEL_LIST,"MODEL_ID,MAKER,MODEL"
3864,car_1,CAR_NAMES,"MAKE_ID,MODEL,MAKE"
3867,car_1,CARS_DATA,"ID,MPG,CYLINDERS,EDISPL,HORSEPOWER,WEIGHT,ACCELERATE,YEAR"
3875,geo,STATE,"STATE_NAME,POPULATION,AREA,COUNTRY_NAME,CAPITAL,DENSITY"
3881,geo,CITY,"CITY_NAME,POPULATION,COUNTRY_NAME,STATE_NAME"
3885,geo,BORDER_INFO,"STATE_NAME,BORDER"
3887,geo,HIGHLOW,"STATE_NAME,HIGHEST_ELEVATION,LOWEST_POINT,HIGHEST_POINT,LOWEST_ELEVATION"
3892,geo,LAKE,"LAKE_NAME,AREA,COUNTRY_NAME,STATE_NAME"
3896,geo,MOUNTAIN,"MOUNTAIN_NAME,MOUNTAIN_ALTITUDE,COUNTRY_NAME,STATE_NAME"
3900,geo,RIVER,"RIVER_NAME,LENGTH,COUNTRY_NAME,TRAVERSE"
3904,behavior_monitoring,REFERENCE_ADDRESS_TYPES,"ADDRESS_TYPE_CODE,ADDRESS_TYPE_DESCRIPTION"
3906,behavior_monitoring,REFERENCE_DETENTION_TYPE,"DETENTION_TYPE_CODE,DETENTION_TYPE_DESCRIPTION"
3908,behavior_monitoring,REFERENCE_INCIDENT_TYPE,"INCIDENT_TYPE_CODE,INCIDENT_TYPE_DESCRIPTION"
3910,behavior_monitoring,ADDRESSES,"ADDRESS_ID,LINE_1,LINE_2,LINE_3,CITY,ZIP_POSTCODE,STATE_PROVINCE_COUNTY,COUNTRY,OTHER_ADDRESS_DETAILS"
3919,behavior_monitoring,STUDENTS,"STUDENT_ID,ADDRESS_ID,FIRST_NAME,MIDDLE_NAME,LAST_NAME,CELL_MOBILE_NUMBER,EMAIL_ADDRESS,DATE_FIRST_RENTAL,DATE_LEFT_UNIVERSITY,OTHER_STUDENT_DETAILS"
3929,behavior_monitoring,TEACHERS,"TEACHER_ID,ADDRESS_ID,FIRST_NAME,MIDDLE_NAME,LAST_NAME,GENDER,CELL_MOBILE_NUMBER,EMAIL_ADDRESS,OTHER_DETAILS"
3938,behavior_monitoring,ASSESSMENT_NOTES,"NOTES_ID,STUDENT_ID,TEACHER_ID,DATE_OF_NOTES,TEXT_OF_NOTES,OTHER_DETAILS"
3944,behavior_monitoring,BEHAVIOR_INCIDENT,"INCIDENT_ID,INCIDENT_TYPE_CODE,STUDENT_ID,DATE_INCIDENT_START,DATE_INCIDENT_END,INCIDENT_SUMMARY,RECOMMENDATIONS,OTHER_DETAILS"
3952,behavior_monitoring,DETENTION,"DETENTION_ID,DETENTION_TYPE_CODE,TEACHER_ID,DATETIME_DETENTION_START,DATETIME_DETENTION_END,DETENTION_SUMMARY,OTHER_DETAILS"
3959,behavior_monitoring,STUDENT_ADDRESSES,"STUDENT_ID,ADDRESS_ID,DATE_ADDRESS_FROM,DATE_ADDRESS_TO,MONTHLY_RENTAL,OTHER_DETAILS"
3965,behavior_monitoring,STUDENTS_IN_DETENTION,"STUDENT_ID,DETENTION_ID,INCIDENT_ID"
3968,cre_Doc_Tracking_DB,REFERENCE_DOCUMENT_TYPES,"DOCUMENT_TYPE_CODE,DOCUMENT_TYPE_NAME,DOCUMENT_TYPE_DESCRIPTION"
3971,cre_Doc_Tracking_DB,REFERENCE_CALENDAR,"CALENDAR_DATE,DAY_NUMBER"
3973,cre_Doc_Tracking_DB,REFERENCE_LOCATIONS,"LOCATION_CODE,LOCATION_NAME,LOCATION_DESCRIPTION"
3976,cre_Doc_Tracking_DB,ROLES,"ROLE_CODE,ROLE_NAME,ROLE_DESCRIPTION"
3979,cre_Doc_Tracking_DB,ALL_DOCUMENTS,"DOCUMENT_ID,DATE_STORED,DOCUMENT_TYPE_CODE,DOCUMENT_NAME,DOCUMENT_DESCRIPTION,OTHER_DETAILS"
3985,cre_Doc_Tracking_DB,EMPLOYEES,"EMPLOYEE_ID,ROLE_CODE,EMPLOYEE_NAME,GENDER_MFU,DATE_OF_BIRTH,OTHER_DETAILS"
3991,cre_Doc_Tracking_DB,DOCUMENT_LOCATIONS,"DOCUMENT_ID,LOCATION_CODE,DATE_IN_LOCATION_FROM,DATE_IN_LOCATON_TO"
3995,cre_Doc_Tracking_DB,DOCUMENTS_TO_BE_DESTROYED,"DOCUMENT_ID,DESTRUCTION_AUTHORISED_BY_EMPLOYEE_ID,DESTROYED_BY_EMPLOYEE_ID,PLANNED_DESTRUCTION_DATE,ACTUAL_DESTRUCTION_DATE,OTHER_DETAILS"
4001,university_basketball,BASKETBALL_MATCH,"TEAM_ID,SCHOOL_ID,TEAM_NAME,ACC_REGULAR_SEASON,ACC_PERCENT,ACC_HOME,ACC_ROAD,ALL_GAMES,ALL_GAMES_PERCENT,ALL_HOME,ALL_ROAD,ALL_NEUTRAL"
4013,university_basketball,UNIVERSITY,"SCHOOL_ID,SCHOOL,LOCATION,FOUNDED,AFFILIATION,ENROLLMENT,NICKNAME,PRIMARY_CONFERENCE"
4021,soccer_2,COLLEGE,"COLLEGE_NAME,STATE,ENROLLMENT"
4024,soccer_2,PLAYER,"PLAYER_ID,PLAYER_NAME,YES_CARD,TRAINING_HOURS"
4028,soccer_2,TRYOUT,"PLAYER_ID,COLLEGE_NAME,PLAYER_POSITION,DECISION"
4032,activity_1,ACTIVITY,"ACTIVITY_ID,ACTIVITY_NAME"
4034,activity_1,PARTICIPATES_IN,"STUDENT_ID,ACTIVITY_ID"
4036,activity_1,FACULTY_PARTICIPATES_IN,"FACULTY_ID,ACTIVITY_ID"
4038,activity_1,STUDENT,"STUDENT_ID,LAST_NAME,FIRST_NAME,AGE,SEX,MAJOR,ADVISOR,CITY_CODE"
4046,activity_1,FACULTY,"FACULTY_ID,LAST_NAME,FIRST_NAME,RANK,SEX,PHONE,ROOM,BUILDING"
4054,cre_Theme_park,REF_HOTEL_STAR_RATINGS,"STAR_RATING_CODE,STAR_RATING_DESCRIPTION"
4056,cre_Theme_park,LOCATIONS,"LOCATION_ID,LOCATION_NAME,ADDRESS,OTHER_DETAILS"
4060,cre_Theme_park,REF_ATTRACTION_TYPES,"ATTRACTION_TYPE_CODE,ATTRACTION_TYPE_DESCRIPTION"
4062,cre_Theme_park,VISITORS,"TOURIST_ID,TOURIST_DETAILS"
4064,cre_Theme_park,FEATURES,"FEATURE_ID,FEATURE_DETAILS"
4066,cre_Theme_park,HOTELS,"HOTEL_ID,STAR_RATING_CODE,PETS_ALLOWED_YN,PRICE_RANGE,OTHER_HOTEL_DETAILS"
4071,cre_Theme_park,TOURIST_ATTRACTIONS,"TOURIST_ATTRACTION_ID,ATTRACTION_TYPE_CODE,LOCATION_ID,HOW_TO_GET_THERE,NAME,DESCRIPTION,OPENING_HOURS,OTHER_DETAILS"
4079,cre_Theme_park,STREET_MARKETS,"MARKET_ID,MARKET_DETAILS"
4081,cre_Theme_park,SHOPS,"SHOP_ID,SHOP_DETAILS"
4083,cre_Theme_park,MUSEUMS,"MUSEUM_ID,MUSEUM_DETAILS"
4085,cre_Theme_park,ROYAL_FAMILY,"ROYAL_FAMILY_ID,ROYAL_FAMILY_DETAILS"
4087,cre_Theme_park,THEME_PARKS,"THEME_PARK_ID,THEME_PARK_DETAILS"
4089,cre_Theme_park,VISITS,"VISIT_ID,TOURIST_ATTRACTION_ID,TOURIST_ID,VISIT_DATE,VISIT_DETAILS"
4094,cre_Theme_park,PHOTOS,"PHOTO_ID,TOURIST_ATTRACTION_ID,NAME,DESCRIPTION,FILENAME,OTHER_DETAILS"
4100,cre_Theme_park,STAFF,"STAFF_ID,TOURIST_ATTRACTION_ID,NAME,OTHER_DETAILS"
4104,cre_Theme_park,TOURIST_ATTRACTION_FEATURES,"TOURIST_ATTRACTION_ID,FEATURE_ID"
4106,twitter_1,FOLLOWS,"USER_ID,FOLLOWER_ID"
4108,twitter_1,TWEETS,"ID,USER_ID,TEXT,CREATE_DATE"
4112,twitter_1,USER_PROFILES,"UID,NAME,EMAIL,PARTITION_ID,FOLLOWERS"
4117,election_representative,ELECTION,"ELECTION_ID,REPRESENTATIVE_ID,DATE,VOTES,VOTE_PERCENT,SEATS,PLACE"
4124,election_representative,REPRESENTATIVE,"REPRESENTATIVE_ID,NAME,STATE,PARTY,LIFESPAN"
4129,voter_2,STUDENT,"STUDENT_ID,LAST_NAME,FIRST_NAME,AGE,SEX,MAJOR,ADVISOR,CITY_CODE"
4137,voter_2,VOTING_RECORD,"STUDENT_ID,REGISTRATION_DATE,ELECTION_CYCLE,PRESIDENT_VOTE,VICE_PRESIDENT_VOTE,SECRETARY_VOTE,TREASURER_VOTE,CLASS_PRESIDENT_VOTE,CLASS_SENATOR_VOTE"
4146,wedding,PEOPLE,"PEOPLE_ID,NAME,COUNTRY,IS_MALE,AGE"
4151,wedding,CHURCH,"CHURCH_ID,NAME,ORGANIZED_BY,OPEN_DATE,CONTINUATION_OF"
4156,wedding,WEDDING,"CHURCH_ID,MALE_ID,FEMALE_ID,YEAR"
4160,news_report,EVENT,"EVENT_ID,DATE,VENUE,NAME,EVENT_ATTENDANCE"
4165,news_report,JOURNALIST,"JOURNALIST_ID,NAME,NATIONALITY,AGE,YEARS_WORKING"
4170,news_report,NEWS_REPORT,"JOURNALIST_ID,EVENT_ID,WORK_TYPE"
4173,wine_1,GRAPES,"ID,GRAPE,COLOR"
4176,wine_1,APPELLATIONS,"NO,APPELATION,COUNTY,STATE,AREA,ISAVA"
4182,wine_1,WINE,"NO,GRAPE,WINERY,APPELATION,STATE,NAME,YEAR,PRICE,SCORE,CASES,DRINK"
4193,customers_and_addresses,ADDRESSES,"ADDRESS_ID,ADDRESS_CONTENT,CITY,ZIP_POSTCODE,STATE_PROVINCE_COUNTY,COUNTRY,OTHER_ADDRESS_DETAILS"
4200,customers_and_addresses,PRODUCTS,"PRODUCT_ID,PRODUCT_DETAILS"
4202,customers_and_addresses,CUSTOMERS,"CUSTOMER_ID,PAYMENT_METHOD,CUSTOMER_NAME,DATE_BECAME_CUSTOMER,OTHER_CUSTOMER_DETAILS"
4207,customers_and_addresses,CUSTOMER_ADDRESSES,"CUSTOMER_ID,ADDRESS_ID,DATE_ADDRESS_FROM,ADDRESS_TYPE,DATE_ADDRESS_TO"
4212,customers_and_addresses,CUSTOMER_CONTACT_CHANNELS,"CUSTOMER_ID,CHANNEL_CODE,ACTIVE_FROM_DATE,ACTIVE_TO_DATE,CONTACT_NUMBER"
4217,customers_and_addresses,CUSTOMER_ORDERS,"ORDER_ID,CUSTOMER_ID,ORDER_STATUS,ORDER_DATE,ORDER_DETAILS"
4222,customers_and_addresses,ORDER_ITEMS,"ORDER_ID,PRODUCT_ID,ORDER_QUANTITY"
4225,protein_institute,BUILDING,"BUILDING_ID,NAME,STREET_ADDRESS,YEARS_AS_TALLEST,HEIGHT_FEET,FLOORS"
4231,protein_institute,INSTITUTION,"INSTITUTION_ID,INSTITUTION,LOCATION,FOUNDED,TYPE,ENROLLMENT,TEAM,PRIMARY_CONFERENCE,BUILDING_ID"
4240,protein_institute,PROTEIN,"COMMON_NAME,PROTEIN_NAME,DIVERGENCE_FROM_HUMAN_LINEAGE,ACCESSION_NUMBER,SEQUENCE_LENGTH,SEQUENCE_IDENTITY_TO_HUMAN_PROTEIN,INSTITUTION_ID"
4247,school_player,SCHOOL,"SCHOOL_ID,SCHOOL,LOCATION,ENROLLMENT,FOUNDED,DENOMINATION,BOYS_OR_GIRLS,DAY_OR_BOARDING,YEAR_ENTERED_COMPETITION,SCHOOL_COLORS"
4257,school_player,SCHOOL_DETAILS,"SCHOOL_ID,NICKNAME,COLORS,LEAGUE,CLASS,DIVISION"
4263,school_player,SCHOOL_PERFORMANCE,"SCHOOL_ID,SCHOOL_YEAR,CLASS_A,CLASS_AA"
4267,school_player,PLAYER,"PLAYER_ID,PLAYER,TEAM,AGE,POSITION,SCHOOL_ID"
4273,phone_1,CHIP_MODEL,"MODEL_NAME,LAUNCH_YEAR,RAM_MIB,ROM_MIB,SLOTS,WIFI,BLUETOOTH"
4280,phone_1,SCREEN_MODE,"GRAPHICS_MODE,CHAR_CELLS,PIXELS,HARDWARE_COLOURS,USED_KB,MAP,TYPE"
4287,phone_1,PHONE,"COMPANY_NAME,HARDWARE_MODEL_NAME,ACCREDITATION_TYPE,ACCREDITATION_LEVEL,DATE,CHIP_MODEL,SCREEN_MODE"
4294,tvshow,TV_CHANNEL,"ID,SERIES_NAME,COUNTRY,LANGUAGE,CONTENT,PIXEL_ASPECT_RATIO_PAR,HIGHT_DEFINITION_TV,PAY_PER_VIEW_PPV,PACKAGE_OPTION"
4303,tvshow,TV_SERIES,"ID,EPISODE,AIR_DATE,RATING,SHARE,18_49_RATING_SHARE,VIEWERS_M,WEEKLY_RANK,CHANNEL"
4312,tvshow,CARTOON,"ID,TITLE,DIRECTED_BY,WRITTEN_BY,ORIGINAL_AIR_DATE,PRODUCTION_CODE,CHANNEL"
4319,wrestler,WRESTLER,"WRESTLER_ID,NAME,REIGN,DAYS_HELD,LOCATION,EVENT"
4325,wrestler,ELIMINATION,"ELIMINATION_ID,WRESTLER_ID,TEAM,ELIMINATED_BY,ELIMINATION_MOVE,TIME"
4331,customer_complaints,STAFF,"STAFF_ID,GENDER,FIRST_NAME,LAST_NAME,EMAIL_ADDRESS,PHONE_NUMBER"
4337,customer_complaints,CUSTOMERS,"CUSTOMER_ID,CUSTOMER_TYPE_CODE,ADDRESS_LINE_1,ADDRESS_LINE_2,TOWN_CITY,STATE,EMAIL_ADDRESS,PHONE_NUMBER"
4345,customer_complaints,PRODUCTS,"PRODUCT_ID,PARENT_PRODUCT_ID,PRODUCT_CATEGORY_CODE,DATE_PRODUCT_FIRST_AVAILABLE,DATE_PRODUCT_DISCONTINUED,PRODUCT_NAME,PRODUCT_DESCRIPTION,PRODUCT_PRICE"
4353,customer_complaints,COMPLAINTS,"COMPLAINT_ID,PRODUCT_ID,CUSTOMER_ID,COMPLAINT_OUTCOME_CODE,COMPLAINT_STATUS_CODE,COMPLAINT_TYPE_CODE,DATE_COMPLAINT_RAISED,DATE_COMPLAINT_CLOSED,STAFF_ID"
4362,department_management,DEPARTMENT,"DEPARTMENT_ID,NAME,CREATION,RANKING,BUDGET_IN_BILLIONS,NUM_EMPLOYEES"
4368,department_management,HEAD,"HEAD_ID,NAME,BORN_STATE,AGE"
4372,department_management,MANAGEMENT,"DEPARTMENT_ID,HEAD_ID,TEMPORARY_ACTING"
4375,customers_and_products_contacts,ADDRESSES,"ADDRESS_ID,LINE_1_NUMBER_BUILDING,CITY,ZIP_POSTCODE,STATE_PROVINCE_COUNTY,COUNTRY"
4381,customers_and_products_contacts,PRODUCTS,"PRODUCT_ID,PRODUCT_TYPE_CODE,PRODUCT_NAME,PRODUCT_PRICE"
4385,customers_and_products_contacts,CUSTOMERS,"CUSTOMER_ID,PAYMENT_METHOD_CODE,CUSTOMER_NUMBER,CUSTOMER_NAME,CUSTOMER_ADDRESS,CUSTOMER_PHONE,CUSTOMER_EMAIL"
4392,customers_and_products_contacts,CONTACTS,"CONTACT_ID,CUSTOMER_ID,GENDER,FIRST_NAME,LAST_NAME,CONTACT_PHONE"
4398,customers_and_products_contacts,CUSTOMER_ADDRESS_HISTORY,"CUSTOMER_ID,ADDRESS_ID,DATE_FROM,DATE_TO"
4402,customers_and_products_contacts,CUSTOMER_ORDERS,"ORDER_ID,CUSTOMER_ID,ORDER_DATE,ORDER_STATUS_CODE"
4406,customers_and_products_contacts,ORDER_ITEMS,"ORDER_ITEM_ID,ORDER_ID,PRODUCT_ID,ORDER_QUANTITY"
4410,company_1,WORKS_ON,"EMPLOYEE_SSN,PROJECT_NUMBER,HOURS"
4413,company_1,EMPLOYEE,"FIRST_NAME,MINIT,LAST_NAME,SSN,BIRTH_DATE,ADDRESS,SEX,SALARY,SUPER_SSN,DEPARTMENT_NO"
4423,company_1,DEPARTMENT,"DEPARTMENT_NAME,DEPARTMENT_NUMBER,MANAGER_SSN,MANAGER_START_DATE"
4427,company_1,PROJECT,"DEPENDENT_NAME,DEPENDENT_NUMBER,DEPENDENT_LOCATION,DEPARTMENT_NUMBER"
4431,company_1,DEPENDENT,"EMPLOYEE_SSN,DEPENDENT_NAME,SEX,BIRTH_DATE,RELATIONSHIP"
4436,company_1,DEPARTMENT_LOCATIONS,"DEPARTMENT_NUMBER,DEPARTMENT_LOCATION"
4438,workshop_paper,WORKSHOP,"WORKSHOP_ID,DATE,VENUE,NAME"
4442,workshop_paper,SUBMISSION,"SUBMISSION_ID,SCORES,AUTHOR,COLLEGE"
4446,workshop_paper,ACCEPTANCE,"SUBMISSION_ID,WORKSHOP_ID,RESULT"
4449,epinions_1,ITEM,"ITEM_ID,TITLE"
4451,epinions_1,REVIEW,"A_ID,USER_ID,ITEM_ID,RATING,RANK"
4456,epinions_1,USERACCT,"USER_ID,NAME"
4458,epinions_1,TRUST,"SOURCE_USER_ID,TARGET_USER_ID,TRUST"
4461,party_host,PARTY,"PARTY_ID,PARTY_THEME,LOCATION,FIRST_YEAR,LAST_YEAR,NUMBER_OF_HOSTS"
4467,party_host,HOST,"HOST_ID,NAME,NATIONALITY,AGE"
4471,party_host,PARTY_HOST,"PARTY_ID,HOST_ID,IS_MAIN_IN_CHARGE"
4474,product_catalog,ATTRIBUTE_DEFINITIONS,"ATTRIBUTE_ID,ATTRIBUTE_NAME,ATTRIBUTE_DATA_TYPE"
4477,product_catalog,CATALOGS,"CATALOG_ID,CATALOG_NAME,CATALOG_PUBLISHER,DATE_OF_PUBLICATION,DATE_OF_LATEST_REVISION"
4482,product_catalog,CATALOG_STRUCTURE,"CATALOG_LEVEL_NUMBER,CATALOG_ID,CATALOG_LEVEL_NAME"
4485,product_catalog,CATALOG_CONTENTS,"CATALOG_ENTRY_ID,CATALOG_LEVEL_NUMBER,PARENT_ENTRY_ID,PREVIOUS_ENTRY_ID,NEXT_ENTRY_ID,CATALOG_ENTRY_NAME,PRODUCT_STOCK_NUMBER,PRICE_IN_DOLLARS,PRICE_IN_EUROS,PRICE_IN_POUNDS,CAPACITY,LENGTH,HEIGHT,WIDTH"
4499,product_catalog,CATALOG_CONTENTS_ADDITIONAL_ATTRIBUTES,"CATALOG_ENTRY_ID,CATALOG_LEVEL_NUMBER,ATTRIBUTE_ID,ATTRIBUTE_VALUE"
